rule_id,domain,provision_status,statute,provision,requirement,rescue_id,service_id,severity,score_impact,invariants,source_files
AGM-001,AGM,RECONCILE,,,,AGM-RESCUE-001,,,,"R-001,R-007,R-008,R-014,R-019,R-020",README.md|app/api/rules.py|app/models/compliance.py|app/models/filings.py|app/models/rules.py|app/rule_engine/engine.py|app/services/rules_service.py|canonical_architecture/generated/canonical_rule_inventory.json|canonical_architecture/generated/repository_forensic_report.json|canonical_architecture/legal_reconciliation.py|canonical_architecture/statutory_rescue.py|canonical_architecture/statutory_rules.py|scripts/seed_rules.py|tests/integration/test_api.py|tests/integration/test_e2e_flow.py|tests/integration/test_services.py|tests/unit/test_rule_engine.py
AGM-002,AGM,RECONCILE,,,,AGM-RESCUE-002,,,,"R-001,R-007,R-008,R-014,R-019,R-020",app/models/filings.py|app/rule_engine/engine.py|canonical_architecture/generated/canonical_rule_inventory.json|canonical_architecture/generated/repository_forensic_report.json|canonical_architecture/legal_reconciliation.py|canonical_architecture/statutory_rescue.py|canonical_architecture/statutory_rules.py|scripts/seed_rules.py|tests/unit/test_rule_engine.py
AGM-003,AGM,RECONCILE,,,,AGM-RESCUE-003,,,,"R-001,R-007,R-008,R-014,R-019,R-020",app/models/filings.py|app/rule_engine/engine.py|canonical_architecture/generated/canonical_rule_inventory.json|canonical_architecture/generated/repository_forensic_report.json|canonical_architecture/legal_reconciliation.py|canonical_architecture/statutory_rescue.py|canonical_architecture/statutory_rules.py|scripts/seed_rules.py|tests/unit/test_rule_engine.py
AGM-004,AGM,RECONCILE,,,,AGM-RESCUE-004,,,,"R-001,R-007,R-008,R-014,R-019,R-020",app/models/filings.py|app/rule_engine/engine.py|canonical_architecture/generated/canonical_rule_inventory.json|canonical_architecture/generated/repository_forensic_report.json|canonical_architecture/legal_reconciliation.py|canonical_architecture/statutory_rescue.py|canonical_architecture/statutory_rules.py|scripts/seed_rules.py|tests/unit/test_rule_engine.py
AGM-005,AGM,RECONCILE,,,,AGM-RESCUE-005,,,,"R-001,R-007,R-008,R-014,R-019,R-020",app/models/filings.py|app/rule_engine/engine.py|canonical_architecture/generated/canonical_rule_inventory.json|canonical_architecture/generated/repository_forensic_report.json|canonical_architecture/legal_reconciliation.py|canonical_architecture/statutory_rescue.py|canonical_architecture/statutory_rules.py|scripts/seed_rules.py|tests/unit/test_rule_engine.py
AGM-006,AGM,RECONCILE,,,,AGM-RESCUE-006,,,,"R-001,R-007,R-008,R-014,R-019,R-020",app/models/filings.py|app/rule_engine/engine.py|canonical_architecture/generated/canonical_rule_inventory.json|canonical_architecture/generated/repository_forensic_report.json|canonical_architecture/legal_reconciliation.py|canonical_architecture/statutory_rescue.py|canonical_architecture/statutory_rules.py|scripts/seed_rules.py|tests/unit/test_rule_engine.py
AGM-007,AGM,RECONCILE,,,,AGM-RESCUE-007,,,,"R-001,R-007,R-008,R-014,R-019,R-020",README.md|app/rule_engine/engine.py|audit_rules.txt|audit_wiring.txt|canonical_architecture/generated/canonical_rule_inventory.json|canonical_architecture/generated/repository_forensic_report.json|canonical_architecture/legal_reconciliation.py|canonical_architecture/statutory_rescue.py|canonical_architecture/statutory_rules.py|scripts/seed_rules.py|tests/unit/test_rule_engine.py
AR-001,AR,RECONCILE,,,,AR-RESCUE-001,,,,"R-001,R-007,R-008,R-014,R-019,R-020",README.md|app/models/filings.py|app/models/rjsc_forms.py|app/rule_engine/engine.py|audit_wiring.txt|canonical_architecture/generated/canonical_rule_inventory.json|canonical_architecture/generated/repository_forensic_report.json|canonical_architecture/legal_reconciliation.py|canonical_architecture/product_invariants.py|canonical_architecture/statutory_rescue.py|canonical_architecture/statutory_rules.py|scripts/seed_rules.py|tests/unit/test_rule_engine.py
AR-002,AR,RECONCILE,,,,AR-RESCUE-002,,,,"R-001,R-007,R-008,R-014,R-019,R-020",app/rule_engine/engine.py|audit_wiring.txt|canonical_architecture/generated/canonical_rule_inventory.json|canonical_architecture/generated/repository_forensic_report.json|canonical_architecture/legal_reconciliation.py|canonical_architecture/statutory_rescue.py|canonical_architecture/statutory_rules.py|scripts/seed_rules.py|tests/unit/test_rule_engine.py
AR-003,AR,RECONCILE,,,,AR-RESCUE-003,,,,"R-001,R-007,R-008,R-014,R-019,R-020",app/rule_engine/engine.py|audit_wiring.txt|canonical_architecture/generated/canonical_rule_inventory.json|canonical_architecture/generated/repository_forensic_report.json|canonical_architecture/legal_reconciliation.py|canonical_architecture/statutory_rescue.py|canonical_architecture/statutory_rules.py|scripts/seed_rules.py|tests/unit/test_rule_engine.py
AR-004,AR,RECONCILE,,,,AR-RESCUE-004,,,,"R-001,R-007,R-008,R-014,R-019,R-020",README.md|app/models/filings.py|app/rule_engine/engine.py|audit_wiring.txt|canonical_architecture/generated/canonical_rule_inventory.json|canonical_architecture/generated/repository_forensic_report.json|canonical_architecture/legal_reconciliation.py|canonical_architecture/statutory_rescue.py|canonical_architecture/statutory_rules.py|scripts/seed_rules.py|tests/unit/test_rule_engine.py
AUD-001,AUD,RECONCILE,,,,AUD-RESCUE-001,,,,"R-001,R-007,R-008,R-014,R-019,R-020",README.md|app/models/filings.py|app/rule_engine/engine.py|canonical_architecture/generated/canonical_rule_inventory.json|canonical_architecture/generated/repository_forensic_report.json|canonical_architecture/legal_reconciliation.py|canonical_architecture/statutory_rescue.py|canonical_architecture/statutory_rules.py|scripts/seed_rules.py|tests/integration/test_e2e_flow.py|tests/unit/test_rule_engine.py
AUD-002,AUD,RECONCILE,,,,AUD-RESCUE-002,,,,"R-001,R-007,R-008,R-014,R-019,R-020",app/models/filings.py|app/rule_engine/engine.py|canonical_architecture/generated/canonical_rule_inventory.json|canonical_architecture/generated/repository_forensic_report.json|canonical_architecture/legal_reconciliation.py|canonical_architecture/statutory_rescue.py|canonical_architecture/statutory_rules.py|scripts/seed_rules.py|tests/unit/test_rule_engine.py
AUD-003,AUD,RECONCILE,,,,AUD-RESCUE-003,,,,"R-001,R-007,R-008,R-014,R-019,R-020",README.md|app/api/rules.py|app/models/compliance.py|app/models/filings.py|app/models/rules.py|app/rule_engine/engine.py|app/services/filing_service.py|canonical_architecture/generated/canonical_rule_inventory.json|canonical_architecture/generated/repository_forensic_report.json|canonical_architecture/legal_reconciliation.py|canonical_architecture/statutory_rescue.py|canonical_architecture/statutory_rules.py|scripts/seed_rules.py|tests/integration/test_api.py|tests/integration/test_e2e_flow.py|tests/integration/test_services.py|tests/unit/test_rule_engine.py
AUD-004,AUD,RECONCILE,,,,AUD-RESCUE-004,,,,"R-001,R-007,R-008,R-014,R-019,R-020",app/rule_engine/engine.py|canonical_architecture/generated/canonical_rule_inventory.json|canonical_architecture/generated/repository_forensic_report.json|canonical_architecture/legal_reconciliation.py|canonical_architecture/statutory_rescue.py|canonical_architecture/statutory_rules.py|scripts/seed_rules.py|tests/unit/test_rule_engine.py
AUD-005,AUD,RECONCILE,,,,AUD-RESCUE-005,,,,"R-001,R-007,R-008,R-014,R-019,R-020",README.md|app/rule_engine/engine.py|canonical_architecture/generated/canonical_rule_inventory.json|canonical_architecture/generated/repository_forensic_report.json|canonical_architecture/legal_reconciliation.py|canonical_architecture/statutory_rescue.py|canonical_architecture/statutory_rules.py|scripts/seed_rules.py
BNK-001,BNK,RECONCILE,,,,BNK-RESCUE-001,,,,"R-001,R-007,R-008,R-014,R-019,R-020",README.md|app/rule_engine/engine.py|audit_rules.txt|audit_wiring.txt|canonical_architecture/generated/canonical_rule_inventory.json|canonical_architecture/generated/repository_forensic_report.json|canonical_architecture/legal_reconciliation.py|canonical_architecture/statutory_rescue.py|canonical_architecture/statutory_rules.py|scripts/seed_rules.py|tests/unit/test_rule_engine.py
BNK-002,BNK,RECONCILE,,,,BNK-RESCUE-002,,,,"R-001,R-007,R-008,R-014,R-019,R-020",README.md|app/rule_engine/engine.py|audit_rules.txt|audit_wiring.txt|canonical_architecture/generated/canonical_rule_inventory.json|canonical_architecture/generated/repository_forensic_report.json|canonical_architecture/legal_reconciliation.py|canonical_architecture/statutory_rescue.py|canonical_architecture/statutory_rules.py|scripts/seed_rules.py|tests/unit/test_rule_engine.py
BNK-003,BNK,RECONCILE,,,,BNK-RESCUE-003,,,,"R-001,R-007,R-008,R-014,R-019,R-020",README.md|app/rule_engine/engine.py|audit_rules.txt|audit_wiring.txt|canonical_architecture/generated/canonical_rule_inventory.json|canonical_architecture/generated/repository_forensic_report.json|canonical_architecture/legal_reconciliation.py|canonical_architecture/statutory_rescue.py|canonical_architecture/statutory_rules.py|scripts/seed_rules.py|tests/unit/test_rule_engine.py
CAP-001,CAP,RECONCILE,,,,CAP-RESCUE-001,,,,"R-001,R-007,R-008,R-014,R-019,R-020",README.md|app/rule_engine/engine.py|audit_wiring.txt|canonical_architecture/generated/canonical_rule_inventory.json|canonical_architecture/generated/repository_forensic_report.json|canonical_architecture/legal_reconciliation.py|canonical_architecture/statutory_rescue.py|canonical_architecture/statutory_rules.py|scripts/seed_rules.py|tests/unit/test_rule_engine.py
CAP-002,CAP,RECONCILE,,,,CAP-RESCUE-002,,,,"R-001,R-007,R-008,R-014,R-019,R-020",app/models/rjsc_forms.py|app/rule_engine/engine.py|audit_rules.txt|audit_wiring.txt|canonical_architecture/generated/canonical_rule_inventory.json|canonical_architecture/generated/repository_forensic_report.json|canonical_architecture/legal_reconciliation.py|canonical_architecture/statutory_rescue.py|canonical_architecture/statutory_rules.py|scripts/seed_rules.py|tests/unit/test_rule_engine.py
CAP-003,CAP,RECONCILE,,,,CAP-RESCUE-003,,,,"R-001,R-007,R-008,R-014,R-019,R-020",README.md|app/api/rules.py|app/rule_engine/engine.py|audit_rules.txt|audit_wiring.txt|canonical_architecture/generated/canonical_rule_inventory.json|canonical_architecture/generated/repository_forensic_report.json|canonical_architecture/legal_reconciliation.py|canonical_architecture/statutory_rescue.py|canonical_architecture/statutory_rules.py|scripts/seed_rules.py|tests/unit/test_rule_engine.py
CAP-004,CAP,RECONCILE,,,,CAP-RESCUE-004,,,,"R-001,R-007,R-008,R-014,R-019,R-020",README.md|app/rule_engine/engine.py|audit_rules.txt|audit_wiring.txt|canonical_architecture/generated/canonical_rule_inventory.json|canonical_architecture/generated/repository_forensic_report.json|canonical_architecture/legal_reconciliation.py|canonical_architecture/statutory_rescue.py|canonical_architecture/statutory_rules.py|scripts/seed_rules.py
CHG-001,CHG,RECONCILE,,,,CHG-RESCUE-001,,,,"R-001,R-007,R-008,R-014,R-019,R-020",README.md|app/models/rjsc_forms.py|app/rule_engine/engine.py|audit_rules.txt|audit_wiring.txt|canonical_architecture/generated/canonical_rule_inventory.json|canonical_architecture/generated/repository_forensic_report.json|canonical_architecture/legal_reconciliation.py|canonical_architecture/statutory_rescue.py|canonical_architecture/statutory_rules.py|scripts/seed_rules.py
DEF-001,DEF,RECONCILE,,,,DEF-RESCUE-001,,,,"R-001,R-007,R-008,R-014,R-019,R-020",README.md|app/api/rules.py|app/rule_engine/engine.py|audit_wiring.txt|canonical_architecture/generated/canonical_rule_inventory.json|canonical_architecture/generated/repository_forensic_report.json|canonical_architecture/legal_reconciliation.py|canonical_architecture/statutory_rescue.py|canonical_architecture/statutory_rules.py|scripts/seed_rules.py|test_engine_v21.py|tests/unit/test_rule_engine.py
DEF-002,DEF,RECONCILE,,,,DEF-RESCUE-002,,,,"R-001,R-007,R-008,R-014,R-019,R-020",README.md|app/rule_engine/engine.py|audit_wiring.txt|canonical_architecture/generated/canonical_rule_inventory.json|canonical_architecture/generated/repository_forensic_report.json|canonical_architecture/legal_reconciliation.py|canonical_architecture/statutory_rescue.py|canonical_architecture/statutory_rules.py|scripts/seed_rules.py
DIR-001,DIR,RECONCILE,,,,DIR-RESCUE-001,,,,"R-001,R-007,R-008,R-014,R-019,R-020",README.md|app/models/rjsc_forms.py|app/rule_engine/engine.py|audit_rules.txt|canonical_architecture/generated/canonical_rule_inventory.json|canonical_architecture/generated/repository_forensic_report.json|canonical_architecture/legal_reconciliation.py|canonical_architecture/statutory_rescue.py|canonical_architecture/statutory_rules.py|scripts/seed_rules.py|tests/unit/test_rule_engine.py
DIR-002,DIR,RECONCILE,,,,DIR-RESCUE-002,,,,"R-001,R-007,R-008,R-014,R-019,R-020",app/rule_engine/engine.py|audit_rules.txt|canonical_architecture/generated/canonical_rule_inventory.json|canonical_architecture/generated/repository_forensic_report.json|canonical_architecture/legal_reconciliation.py|canonical_architecture/statutory_rescue.py|canonical_architecture/statutory_rules.py|scripts/seed_rules.py|tests/unit/test_rule_engine.py
DIR-003,DIR,RECONCILE,,,,DIR-RESCUE-003,,,,"R-001,R-007,R-008,R-014,R-019,R-020",app/rule_engine/engine.py|audit_rules.txt|canonical_architecture/generated/canonical_rule_inventory.json|canonical_architecture/generated/repository_forensic_report.json|canonical_architecture/legal_reconciliation.py|canonical_architecture/statutory_rescue.py|canonical_architecture/statutory_rules.py|scripts/seed_rules.py|tests/unit/test_rule_engine.py
DIR-004,DIR,RECONCILE,,,,DIR-RESCUE-004,,,,"R-001,R-007,R-008,R-014,R-019,R-020",app/models/people.py|app/rule_engine/engine.py|app/services/people_service.py|audit_rules.txt|canonical_architecture/generated/canonical_rule_inventory.json|canonical_architecture/generated/repository_forensic_report.json|canonical_architecture/legal_reconciliation.py|canonical_architecture/statutory_rescue.py|canonical_architecture/statutory_rules.py|scripts/seed_rules.py|tests/unit/test_rule_engine.py
DIR-005,DIR,RECONCILE,,,,DIR-RESCUE-005,,,,"R-001,R-007,R-008,R-014,R-019,R-020",app/rule_engine/engine.py|audit_rules.txt|audit_wiring.txt|canonical_architecture/generated/canonical_rule_inventory.json|canonical_architecture/generated/repository_forensic_report.json|canonical_architecture/legal_reconciliation.py|canonical_architecture/product_invariants.py|canonical_architecture/statutory_rescue.py|canonical_architecture/statutory_rules.py|scripts/seed_rules.py|tests/unit/test_rule_engine.py
DIR-006,DIR,RECONCILE,,,,DIR-RESCUE-006,,,,"R-001,R-007,R-008,R-014,R-019,R-020",README.md|app/rule_engine/engine.py|audit_rules.txt|audit_wiring.txt|canonical_architecture/generated/canonical_rule_inventory.json|canonical_architecture/generated/repository_forensic_report.json|canonical_architecture/legal_reconciliation.py|canonical_architecture/product_invariants.py|canonical_architecture/statutory_rescue.py|canonical_architecture/statutory_rules.py|scripts/seed_rules.py|tests/unit/test_rule_engine.py
ESC-001,ESC,RECONCILE,,,,ESC-RESCUE-001,,,,"R-001,R-007,R-008,R-014,R-019,R-020",README.md|app/rule_engine/engine.py|audit_wiring.txt|canonical_architecture/generated/canonical_rule_inventory.json|canonical_architecture/generated/repository_forensic_report.json|canonical_architecture/legal_reconciliation.py|canonical_architecture/statutory_rescue.py|canonical_architecture/statutory_rules.py|scripts/seed_rules.py|tests/unit/test_rule_engine.py
ESC-002,ESC,RECONCILE,,,,ESC-RESCUE-002,,,,"R-001,R-007,R-008,R-014,R-019,R-020",README.md|app/api/rules.py|app/models/rules.py|app/rule_engine/engine.py|audit_rules.txt|audit_wiring.txt|canonical_architecture/generated/canonical_rule_inventory.json|canonical_architecture/generated/repository_forensic_report.json|canonical_architecture/legal_reconciliation.py|canonical_architecture/statutory_rescue.py|canonical_architecture/statutory_rules.py|scripts/seed_rules.py|tests/integration/test_api.py|tests/integration/test_e2e_flow.py|tests/integration/test_services.py|tests/unit/test_rule_engine.py
ESC-003,ESC,RECONCILE,,,,ESC-RESCUE-003,,,,"R-001,R-007,R-008,R-014,R-019,R-020",README.md|app/api/rules.py|app/models/rules.py|app/rule_engine/engine.py|audit_rules.txt|audit_wiring.txt|canonical_architecture/generated/canonical_rule_inventory.json|canonical_architecture/generated/repository_forensic_report.json|canonical_architecture/legal_reconciliation.py|canonical_architecture/statutory_rescue.py|canonical_architecture/statutory_rules.py|scripts/seed_rules.py|test_engine_v21.py|tests/integration/test_api.py|tests/integration/test_e2e_flow.py|tests/integration/test_services.py|tests/unit/test_rule_engine.py
ESC-004,ESC,RECONCILE,,,,ESC-RESCUE-004,,,,"R-001,R-007,R-008,R-014,R-019,R-020",README.md|app/rule_engine/engine.py|audit_rules.txt|audit_wiring.txt|canonical_architecture/generated/canonical_rule_inventory.json|canonical_architecture/generated/repository_forensic_report.json|canonical_architecture/legal_reconciliation.py|canonical_architecture/statutory_rescue.py|canonical_architecture/statutory_rules.py|scripts/seed_rules.py|tests/unit/test_rule_engine.py
ESC-005,ESC,RECONCILE,,,,ESC-RESCUE-005,,,,"R-001,R-007,R-008,R-014,R-019,R-020",README.md|app/rule_engine/engine.py|audit_rules.txt|audit_wiring.txt|canonical_architecture/generated/canonical_rule_inventory.json|canonical_architecture/generated/repository_forensic_report.json|canonical_architecture/legal_reconciliation.py|canonical_architecture/statutory_rescue.py|canonical_architecture/statutory_rules.py|scripts/seed_rules.py|tests/unit/test_rule_engine.py
INC-001,INC,RECONCILE,,,,INC-RESCUE-001,,,,"R-001,R-007,R-008,R-014,R-019,R-020",README.md|app/models/rjsc_forms.py|app/rule_engine/engine.py|audit_rules.txt|audit_wiring.txt|canonical_architecture/generated/canonical_rule_inventory.json|canonical_architecture/generated/repository_forensic_report.json|canonical_architecture/legal_reconciliation.py|canonical_architecture/statutory_rescue.py|canonical_architecture/statutory_rules.py|scripts/seed_rules.py|tests/unit/test_rule_engine.py
INC-002,INC,RECONCILE,,,,INC-RESCUE-002,,,,"R-001,R-007,R-008,R-014,R-019,R-020",app/api/rules.py|app/models/rjsc_forms.py|app/rule_engine/engine.py|audit_rules.txt|audit_wiring.txt|canonical_architecture/generated/canonical_rule_inventory.json|canonical_architecture/generated/repository_forensic_report.json|canonical_architecture/legal_reconciliation.py|canonical_architecture/statutory_rescue.py|canonical_architecture/statutory_rules.py|scripts/seed_rules.py
INC-003,INC,RECONCILE,,,,INC-RESCUE-003,,,,"R-001,R-007,R-008,R-014,R-019,R-020",README.md|app/api/rules.py|app/rule_engine/engine.py|audit_wiring.txt|canonical_architecture/generated/canonical_rule_inventory.json|canonical_architecture/generated/repository_forensic_report.json|canonical_architecture/legal_reconciliation.py|canonical_architecture/statutory_rescue.py|canonical_architecture/statutory_rules.py|scripts/seed_rules.py|test_engine_v21.py|tests/integration/test_e2e_flow.py|tests/unit/test_rule_engine.py
INC-004,INC,RECONCILE,,,,INC-RESCUE-004,,,,"R-001,R-007,R-008,R-014,R-019,R-020",README.md|app/api/rules.py|app/rule_engine/engine.py|audit_rules.txt|audit_wiring.txt|canonical_architecture/generated/canonical_rule_inventory.json|canonical_architecture/generated/repository_forensic_report.json|canonical_architecture/legal_reconciliation.py|canonical_architecture/statutory_rescue.py|canonical_architecture/statutory_rules.py|scripts/seed_rules.py|tests/unit/test_rule_engine.py
INC-005,INC,RECONCILE,,,,INC-RESCUE-005,,,,"R-001,R-007,R-008,R-014,R-019,R-020",app/rule_engine/engine.py|audit_rules.txt|audit_wiring.txt|canonical_architecture/generated/canonical_rule_inventory.json|canonical_architecture/generated/repository_forensic_report.json|canonical_architecture/legal_reconciliation.py|canonical_architecture/statutory_rescue.py|canonical_architecture/statutory_rules.py|scripts/seed_rules.py
INC-006,INC,RECONCILE,,,,INC-RESCUE-006,,,,"R-001,R-007,R-008,R-014,R-019,R-020",README.md|app/rule_engine/engine.py|audit_rules.txt|audit_wiring.txt|canonical_architecture/generated/canonical_rule_inventory.json|canonical_architecture/generated/repository_forensic_report.json|canonical_architecture/legal_reconciliation.py|canonical_architecture/statutory_rescue.py|canonical_architecture/statutory_rules.py|scripts/seed_rules.py
INC-007,INC,RECONCILE,,,,INC-RESCUE-007,,,,"R-001,R-007,R-008,R-014,R-019,R-020",canonical_architecture/generated/canonical_rule_inventory.json|canonical_architecture/generated/repository_forensic_report.json
LBR-001,LBR,RECONCILE,,,,LBR-RESCUE-001,,,,"R-001,R-007,R-008,R-014,R-019,R-020",README.md|app/rule_engine/engine.py|audit_out.txt|audit_rules.txt|audit_wiring.txt|canonical_architecture/generated/canonical_rule_inventory.json|canonical_architecture/generated/repository_forensic_report.json|canonical_architecture/legal_reconciliation.py|canonical_architecture/statutory_rescue.py|canonical_architecture/statutory_rules.py|scripts/seed_rules.py|tests/unit/test_rule_engine.py
LBR-002,LBR,RECONCILE,,,,LBR-RESCUE-002,,,,"R-001,R-007,R-008,R-014,R-019,R-020",app/rule_engine/engine.py|audit_rules.txt|audit_wiring.txt|canonical_architecture/generated/canonical_rule_inventory.json|canonical_architecture/generated/repository_forensic_report.json|canonical_architecture/legal_reconciliation.py|canonical_architecture/statutory_rescue.py|canonical_architecture/statutory_rules.py|scripts/seed_rules.py|tests/unit/test_rule_engine.py
LBR-003,LBR,RECONCILE,,,,LBR-RESCUE-003,,,,"R-001,R-007,R-008,R-014,R-019,R-020",README.md|app/rule_engine/engine.py|audit_rules.txt|audit_wiring.txt|canonical_architecture/generated/canonical_rule_inventory.json|canonical_architecture/generated/repository_forensic_report.json|canonical_architecture/legal_reconciliation.py|canonical_architecture/statutory_rescue.py|canonical_architecture/statutory_rules.py|scripts/seed_rules.py|tests/unit/test_rule_engine.py
OFF-001,OFF,RECONCILE,,,,OFF-RESCUE-001,,,,"R-001,R-007,R-008,R-014,R-019,R-020",README.md|app/models/infrastructure.py|app/models/rjsc_forms.py|app/rule_engine/engine.py|canonical_architecture/generated/canonical_rule_inventory.json|canonical_architecture/generated/repository_forensic_report.json|canonical_architecture/legal_reconciliation.py|canonical_architecture/statutory_rescue.py|canonical_architecture/statutory_rules.py|scripts/seed_rules.py|tests/integration/test_services.py|tests/unit/test_rule_engine.py
REG-001,REG,RECONCILE,,,,REG-RESCUE-001,,,,"R-001,R-007,R-008,R-014,R-019,R-020",README.md|app/models/infrastructure.py|app/rule_engine/engine.py|audit_rules.txt|audit_wiring.txt|canonical_architecture/generated/canonical_rule_inventory.json|canonical_architecture/generated/repository_forensic_report.json|canonical_architecture/legal_reconciliation.py|canonical_architecture/statutory_rescue.py|canonical_architecture/statutory_rules.py|scripts/seed_rules.py|tests/unit/test_rule_engine.py
REG-002,REG,RECONCILE,,,,REG-RESCUE-002,,,,"R-001,R-007,R-008,R-014,R-019,R-020",app/rule_engine/engine.py|app/services/people_service.py|audit_rules.txt|audit_wiring.txt|canonical_architecture/generated/canonical_rule_inventory.json|canonical_architecture/generated/repository_forensic_report.json|canonical_architecture/legal_reconciliation.py|canonical_architecture/statutory_rescue.py|canonical_architecture/statutory_rules.py|scripts/seed_rules.py|tests/unit/test_rule_engine.py
REG-003,REG,RECONCILE,,,,REG-RESCUE-003,,,,"R-001,R-007,R-008,R-014,R-019,R-020",README.md|app/rule_engine/engine.py|audit_rules.txt|audit_wiring.txt|canonical_architecture/generated/canonical_rule_inventory.json|canonical_architecture/generated/repository_forensic_report.json|canonical_architecture/legal_reconciliation.py|canonical_architecture/statutory_rescue.py|canonical_architecture/statutory_rules.py|scripts/seed_rules.py|tests/unit/test_rule_engine.py
REG-004,REG,RECONCILE,,,,REG-RESCUE-004,,,,"R-001,R-007,R-008,R-014,R-019,R-020",canonical_architecture/generated/canonical_rule_inventory.json|canonical_architecture/generated/repository_forensic_report.json
SH-001,SH,RECONCILE,,,,SH-RESCUE-001,,,,"R-001,R-007,R-008,R-014,R-019,R-020",README.md|app/models/rjsc_forms.py|app/rule_engine/engine.py|audit_wiring.txt|canonical_architecture/generated/canonical_rule_inventory.json|canonical_architecture/generated/repository_forensic_report.json|canonical_architecture/legal_reconciliation.py|canonical_architecture/statutory_rescue.py|canonical_architecture/statutory_rules.py|scripts/seed_rules.py|tests/unit/test_rule_engine.py
SH-002,SH,RECONCILE,,,,SH-RESCUE-002,,,,"R-001,R-007,R-008,R-014,R-019,R-020",app/rule_engine/engine.py|audit_wiring.txt|canonical_architecture/generated/canonical_rule_inventory.json|canonical_architecture/generated/repository_forensic_report.json|canonical_architecture/legal_reconciliation.py|canonical_architecture/statutory_rescue.py|canonical_architecture/statutory_rules.py|scripts/seed_rules.py|tests/unit/test_rule_engine.py
SH-003,SH,RECONCILE,,,,SH-RESCUE-003,,,,"R-001,R-007,R-008,R-014,R-019,R-020",README.md|app/models/rjsc_forms.py|app/rule_engine/engine.py|audit_rules.txt|audit_wiring.txt|canonical_architecture/generated/canonical_rule_inventory.json|canonical_architecture/generated/repository_forensic_report.json|canonical_architecture/legal_reconciliation.py|canonical_architecture/statutory_rescue.py|canonical_architecture/statutory_rules.py|scripts/seed_rules.py|tests/unit/test_rule_engine.py
STR-001,STR,RECONCILE,,,,STR-RESCUE-001,,,,"R-001,R-007,R-008,R-014,R-019,R-020",README.md|app/rule_engine/engine.py|audit_rules.txt|audit_wiring.txt|canonical_architecture/generated/canonical_rule_inventory.json|canonical_architecture/generated/repository_forensic_report.json|canonical_architecture/legal_reconciliation.py|canonical_architecture/statutory_rescue.py|canonical_architecture/statutory_rules.py|scripts/seed_rules.py
STR-002,STR,RECONCILE,,,,STR-RESCUE-002,,,,"R-001,R-007,R-008,R-014,R-019,R-020",app/rule_engine/engine.py|audit_rules.txt|audit_wiring.txt|canonical_architecture/generated/canonical_rule_inventory.json|canonical_architecture/generated/repository_forensic_report.json|canonical_architecture/legal_reconciliation.py|canonical_architecture/statutory_rescue.py|canonical_architecture/statutory_rules.py|scripts/seed_rules.py
STR-003,STR,RECONCILE,,,,STR-RESCUE-003,,,,"R-001,R-007,R-008,R-014,R-019,R-020",README.md|app/rule_engine/engine.py|audit_rules.txt|audit_wiring.txt|canonical_architecture/generated/canonical_rule_inventory.json|canonical_architecture/generated/repository_forensic_report.json|canonical_architecture/legal_reconciliation.py|canonical_architecture/statutory_rescue.py|canonical_architecture/statutory_rules.py|scripts/seed_rules.py
TAX-001,TAX,RECONCILE,,,,TAX-RESCUE-001,,,,"R-001,R-007,R-008,R-014,R-019,R-020",README.md|app/rule_engine/engine.py|audit_wiring.txt|canonical_architecture/generated/canonical_rule_inventory.json|canonical_architecture/generated/repository_forensic_report.json|canonical_architecture/legal_reconciliation.py|canonical_architecture/statutory_rescue.py|canonical_architecture/statutory_rules.py|scripts/seed_rules.py|tests/unit/test_rule_engine.py
TAX-002,TAX,RECONCILE,,,,TAX-RESCUE-002,,,,"R-001,R-007,R-008,R-014,R-019,R-020",app/rule_engine/engine.py|audit_rules.txt|audit_wiring.txt|canonical_architecture/generated/canonical_rule_inventory.json|canonical_architecture/generated/repository_forensic_report.json|canonical_architecture/legal_reconciliation.py|canonical_architecture/statutory_rescue.py|canonical_architecture/statutory_rules.py|scripts/seed_rules.py|test_engine_v21.py|tests/unit/test_rule_engine.py
TAX-003,TAX,RECONCILE,,,,TAX-RESCUE-003,,,,"R-001,R-007,R-008,R-014,R-019,R-020",app/rule_engine/engine.py|audit_wiring.txt|canonical_architecture/generated/canonical_rule_inventory.json|canonical_architecture/generated/repository_forensic_report.json|canonical_architecture/legal_reconciliation.py|canonical_architecture/statutory_rescue.py|canonical_architecture/statutory_rules.py|scripts/seed_rules.py|tests/unit/test_rule_engine.py
TAX-004,TAX,RECONCILE,,,,TAX-RESCUE-004,,,,"R-001,R-007,R-008,R-014,R-019,R-020",README.md|app/rule_engine/engine.py|audit_wiring.txt|canonical_architecture/generated/canonical_rule_inventory.json|canonical_architecture/generated/repository_forensic_report.json|canonical_architecture/legal_reconciliation.py|canonical_architecture/statutory_rescue.py|canonical_architecture/statutory_rules.py|scripts/seed_rules.py|test_engine_v21.py
TAX-005,TAX,RECONCILE,,,,TAX-RESCUE-005,,,,"R-001,R-007,R-008,R-014,R-019,R-020",canonical_architecture/generated/canonical_rule_inventory.json|canonical_architecture/generated/repository_forensic_report.json
TAX-006,TAX,RECONCILE,,,,TAX-RESCUE-006,,,,"R-001,R-007,R-008,R-014,R-019,R-020",canonical_architecture/generated/canonical_rule_inventory.json|canonical_architecture/generated/repository_forensic_report.json
TAX-007,TAX,RECONCILE,,,,TAX-RESCUE-007,,,,"R-001,R-007,R-008,R-014,R-019,R-020",canonical_architecture/generated/canonical_rule_inventory.json|canonical_architecture/generated/repository_forensic_report.json
TAX-008,TAX,RECONCILE,,,,TAX-RESCUE-008,,,,"R-001,R-007,R-008,R-014,R-019,R-020",canonical_architecture/generated/canonical_rule_inventory.json|canonical_architecture/generated/repository_forensic_report.json
TAX-009,TAX,RECONCILE,,,,TAX-RESCUE-009,,,,"R-001,R-007,R-008,R-014,R-019,R-020",canonical_architecture/generated/canonical_rule_inventory.json|canonical_architecture/generated/repository_forensic_report.json
TL-001,TL,RECONCILE,,,,TL-RESCUE-001,,,,"R-001,R-007,R-008,R-014,R-019,R-020",README.md|app/rule_engine/engine.py|audit_wiring.txt|canonical_architecture/generated/canonical_rule_inventory.json|canonical_architecture/generated/repository_forensic_report.json|canonical_architecture/legal_reconciliation.py|canonical_architecture/statutory_rescue.py|canonical_architecture/statutory_rules.py|scripts/seed_rules.py|tests/unit/test_rule_engine.py
TL-002,TL,RECONCILE,,,,TL-RESCUE-002,,,,"R-001,R-007,R-008,R-014,R-019,R-020",README.md|app/rule_engine/engine.py|audit_wiring.txt|canonical_architecture/generated/canonical_rule_inventory.json|canonical_architecture/generated/repository_forensic_report.json|canonical_architecture/legal_reconciliation.py|canonical_architecture/statutory_rescue.py|canonical_architecture/statutory_rules.py|scripts/seed_rules.py|tests/unit/test_rule_engine.py
TR-001,TR,RECONCILE,,,,TR-RESCUE-001,,,,"R-001,R-007,R-008,R-014,R-019,R-020",README.md|app/models/people.py|app/models/rjsc_forms.py|app/rule_engine/engine.py|app/services/people_service.py|audit_rules.txt|canonical_architecture/generated/canonical_rule_inventory.json|canonical_architecture/generated/repository_forensic_report.json|canonical_architecture/legal_reconciliation.py|canonical_architecture/statutory_rescue.py|canonical_architecture/statutory_rules.py|scripts/seed_rules.py|tests/unit/test_rule_engine.py
TR-002,TR,RECONCILE,,,,TR-RESCUE-002,,,,"R-001,R-007,R-008,R-014,R-019,R-020",app/models/people.py|app/rule_engine/engine.py|app/services/people_service.py|audit_rules.txt|canonical_architecture/generated/canonical_rule_inventory.json|canonical_architecture/generated/repository_forensic_report.json|canonical_architecture/legal_reconciliation.py|canonical_architecture/statutory_rescue.py|canonical_architecture/statutory_rules.py|scripts/seed_rules.py|tests/unit/test_rule_engine.py
TR-003,TR,RECONCILE,,,,TR-RESCUE-003,,,,"R-001,R-007,R-008,R-014,R-019,R-020",app/models/people.py|app/rule_engine/engine.py|app/services/people_service.py|canonical_architecture/generated/canonical_rule_inventory.json|canonical_architecture/generated/repository_forensic_report.json|canonical_architecture/legal_reconciliation.py|canonical_architecture/statutory_rescue.py|canonical_architecture/statutory_rules.py|scripts/seed_rules.py|test_engine_v21.py|tests/unit/test_rule_engine.py
TR-004,TR,RECONCILE,,,,TR-RESCUE-004,,,,"R-001,R-007,R-008,R-014,R-019,R-020",app/models/people.py|app/rule_engine/engine.py|app/services/people_service.py|canonical_architecture/generated/canonical_rule_inventory.json|canonical_architecture/generated/repository_forensic_report.json|canonical_architecture/legal_reconciliation.py|canonical_architecture/statutory_rescue.py|canonical_architecture/statutory_rules.py|scripts/seed_rules.py|test_engine_v21.py|tests/unit/test_rule_engine.py
TR-005,TR,RECONCILE,,,,TR-RESCUE-005,,,,"R-001,R-007,R-008,R-014,R-019,R-020",README.md|app/api/rules.py|app/models/compliance.py|app/models/people.py|app/models/rules.py|app/rule_engine/engine.py|app/services/people_service.py|canonical_architecture/generated/canonical_rule_inventory.json|canonical_architecture/generated/repository_forensic_report.json|canonical_architecture/legal_reconciliation.py|canonical_architecture/statutory_rescue.py|canonical_architecture/statutory_rules.py|scripts/seed_rules.py|test_engine_v21.py|tests/integration/test_api.py|tests/integration/test_services.py|tests/unit/test_rule_engine.py
TR-006,TR,RECONCILE,,,,TR-RESCUE-006,,,,"R-001,R-007,R-008,R-014,R-019,R-020",README.md|app/rule_engine/engine.py|app/services/people_service.py|audit_rules.txt|canonical_architecture/generated/canonical_rule_inventory.json|canonical_architecture/generated/repository_forensic_report.json|canonical_architecture/legal_reconciliation.py|canonical_architecture/statutory_rescue.py|canonical_architecture/statutory_rules.py|scripts/seed_rules.py|tests/unit/test_rule_engine.py
VAT-001,VAT,RECONCILE,,,,VAT-RESCUE-001,,,,"R-001,R-007,R-008,R-014,R-019,R-020",canonical_architecture/generated/canonical_rule_inventory.json|canonical_architecture/generated/repository_forensic_report.json
VAT-002,VAT,RECONCILE,,,,VAT-RESCUE-002,,,,"R-001,R-007,R-008,R-014,R-019,R-020",README.md|app/rule_engine/engine.py|audit_wiring.txt|canonical_architecture/generated/canonical_rule_inventory.json|canonical_architecture/generated/repository_forensic_report.json|canonical_architecture/legal_reconciliation.py|canonical_architecture/statutory_rescue.py|canonical_architecture/statutory_rules.py|scripts/seed_rules.py
VAT-003,VAT,RECONCILE,,,,VAT-RESCUE-003,,,,"R-001,R-007,R-008,R-014,R-019,R-020",README.md|app/rule_engine/engine.py|audit_wiring.txt|canonical_architecture/generated/canonical_rule_inventory.json|canonical_architecture/generated/repository_forensic_report.json|canonical_architecture/legal_reconciliation.py|canonical_architecture/statutory_rescue.py|canonical_architecture/statutory_rules.py|scripts/seed_rules.py
