RULE_ID	COUNT	LOCATIONS
AGM-001	34	app\api\rules.py:17 | app\api\rules.py:183 | app\models\compliance.py:68 | app\models\filings.py:5 | app\models\filings.py:73 | app\models\rules.py:48 | app\rule_engine\engine.py:1589 | app\rule_engine\engine.py:1590 | app\rule_engine\engine.py:613 | app\services\rules_service.py:54 | canonical_architecture\legal_reconciliation.py:11 | canonical_architecture\legal_reconciliation.py:12 | canonical_architecture\statutory_rescue.py:11 | canonical_architecture\statutory_rescue.py:12 | canonical_architecture\statutory_rescue.py:24 | canonical_architecture\statutory_rescue.py:9 | canonical_architecture\statutory_rules.py:21 | canonical_architecture\statutory_rules.py:22 | canonical_architecture\statutory_rules.py:25 | docs\LEGAL_BASIS_MATRIX.md:21 | docs\audit\DEEP_AUDIT.md:14 | docs\audit\DEEP_AUDIT.md:79 | docs\audit\DEEP_AUDIT.md:822 | tests\integration\test_api.py:730 | tests\integration\test_api.py:747 | tests\integration\test_e2e_flow.py:19 | tests\integration\test_services.py:588 | tests\integration\test_services.py:590 | tests\unit\test_rule_engine.py:100 | tests\unit\test_rule_engine.py:111 | tests\unit\test_rule_engine.py:77 | tests\unit\test_rule_engine.py:79 | tests\unit\test_rule_engine.py:82 | tests\unit\test_rule_engine.py:91
AGM-002	22	app\models\filings.py:73 | app\rule_engine\engine.py:1589 | app\rule_engine\engine.py:1590 | app\rule_engine\engine.py:634 | canonical_architecture\legal_reconciliation.py:19 | canonical_architecture\legal_reconciliation.py:20 | canonical_architecture\statutory_rescue.py:26 | canonical_architecture\statutory_rescue.py:28 | canonical_architecture\statutory_rescue.py:29 | canonical_architecture\statutory_rescue.py:41 | canonical_architecture\statutory_rules.py:36 | canonical_architecture\statutory_rules.py:37 | canonical_architecture\statutory_rules.py:40 | docs\LEGAL_BASIS_MATRIX.md:22 | docs\audit\DEEP_AUDIT.md:15 | docs\audit\DEEP_AUDIT.md:80 | docs\audit\DEEP_AUDIT.md:821 | tests\unit\test_rule_engine.py:1102 | tests\unit\test_rule_engine.py:1107 | tests\unit\test_rule_engine.py:113 | tests\unit\test_rule_engine.py:124 | tests\unit\test_rule_engine.py:133
AGM-003	24	app\models\filings.py:65 | app\rule_engine\engine.py:648 | canonical_architecture\legal_reconciliation.py:27 | canonical_architecture\legal_reconciliation.py:28 | canonical_architecture\statutory_rescue.py:43 | canonical_architecture\statutory_rescue.py:45 | canonical_architecture\statutory_rescue.py:46 | canonical_architecture\statutory_rescue.py:58 | canonical_architecture\statutory_rules.py:51 | canonical_architecture\statutory_rules.py:52 | canonical_architecture\statutory_rules.py:55 | docs\LAWYER_LEGAL_REVIEW_PACK.md:23 | docs\LEGAL_BASIS_MATRIX.md:23 | docs\LEGAL_BASIS_MATRIX.md:54 | docs\RULE_IDENTITY_BUG_REPORT.md:67 | docs\RULE_IDENTITY_BUG_REPORT.md:71 | docs\RULE_IDENTITY_BUG_REPORT.md:76 | docs\audit\DEEP_AUDIT.md:16 | docs\audit\DEEP_AUDIT.md:81 | docs\audit\DEEP_AUDIT.md:820 | tests\unit\test_rule_engine.py:135 | tests\unit\test_rule_engine.py:138 | tests\unit\test_rule_engine.py:146 | tests\unit\test_rule_engine.py:158
AGM-004	22	app\models\filings.py:67 | app\rule_engine\engine.py:663 | canonical_architecture\legal_reconciliation.py:35 | canonical_architecture\legal_reconciliation.py:36 | canonical_architecture\statutory_rescue.py:60 | canonical_architecture\statutory_rescue.py:62 | canonical_architecture\statutory_rescue.py:63 | canonical_architecture\statutory_rescue.py:75 | canonical_architecture\statutory_rules.py:66 | canonical_architecture\statutory_rules.py:67 | canonical_architecture\statutory_rules.py:70 | docs\LEGAL_BASIS_MATRIX.md:24 | docs\RULE_IDENTITY_BUG_REPORT.md:67 | docs\RULE_IDENTITY_BUG_REPORT.md:72 | docs\RULE_IDENTITY_BUG_REPORT.md:76 | docs\audit\DEEP_AUDIT.md:17 | docs\audit\DEEP_AUDIT.md:819 | docs\audit\DEEP_AUDIT.md:82 | tests\unit\test_rule_engine.py:160 | tests\unit\test_rule_engine.py:163 | tests\unit\test_rule_engine.py:169 | tests\unit\test_rule_engine.py:178
AGM-005	18	app\models\filings.py:78 | app\rule_engine\engine.py:675 | canonical_architecture\legal_reconciliation.py:43 | canonical_architecture\legal_reconciliation.py:44 | canonical_architecture\statutory_rescue.py:77 | canonical_architecture\statutory_rescue.py:79 | canonical_architecture\statutory_rescue.py:80 | canonical_architecture\statutory_rescue.py:92 | canonical_architecture\statutory_rules.py:81 | canonical_architecture\statutory_rules.py:82 | canonical_architecture\statutory_rules.py:85 | docs\LEGAL_BASIS_MATRIX.md:25 | docs\audit\DEEP_AUDIT.md:18 | docs\audit\DEEP_AUDIT.md:818 | docs\audit\DEEP_AUDIT.md:83 | tests\unit\test_rule_engine.py:180 | tests\unit\test_rule_engine.py:193 | tests\unit\test_rule_engine.py:201
AGM-006	25	app\models\filings.py:5 | app\models\filings.py:86 | app\rule_engine\engine.py:687 | canonical_architecture\legal_reconciliation.py:51 | canonical_architecture\legal_reconciliation.py:52 | canonical_architecture\statutory_rescue.py:109 | canonical_architecture\statutory_rescue.py:94 | canonical_architecture\statutory_rescue.py:96 | canonical_architecture\statutory_rescue.py:97 | canonical_architecture\statutory_rules.py:100 | canonical_architecture\statutory_rules.py:96 | canonical_architecture\statutory_rules.py:97 | docs\LEGAL_BASIS_MATRIX.md:26 | docs\RULE_IDENTITY_BUG_REPORT.md:22 | docs\RULE_IDENTITY_BUG_REPORT.md:26 | docs\RULE_IDENTITY_BUG_REPORT.md:30 | docs\RULE_IDENTITY_BUG_REPORT.md:32 | docs\audit\DEEP_AUDIT.md:19 | docs\audit\DEEP_AUDIT.md:817 | docs\audit\DEEP_AUDIT.md:84 | tests\unit\test_rule_engine.py:203 | tests\unit\test_rule_engine.py:206 | tests\unit\test_rule_engine.py:207 | tests\unit\test_rule_engine.py:224 | tests\unit\test_rule_engine.py:77
AGM-007	13	app\rule_engine\engine.py:1328 | canonical_architecture\legal_reconciliation.py:59 | canonical_architecture\legal_reconciliation.py:60 | canonical_architecture\statutory_rescue.py:111 | canonical_architecture\statutory_rescue.py:113 | canonical_architecture\statutory_rescue.py:114 | canonical_architecture\statutory_rescue.py:126 | canonical_architecture\statutory_rules.py:111 | canonical_architecture\statutory_rules.py:112 | canonical_architecture\statutory_rules.py:115 | docs\LEGAL_BASIS_MATRIX.md:27 | docs\RULE_CORPUS_GAP.md:11 | tests\unit\test_rule_engine.py:1052
AR-001	26	app\models\filings.py:187 | app\models\filings.py:5 | app\models\rjsc_forms.py:79 | app\rule_engine\engine.py:706 | canonical_architecture\legal_reconciliation.py:67 | canonical_architecture\legal_reconciliation.py:68 | canonical_architecture\product_invariants.py:41 | canonical_architecture\statutory_rescue.py:128 | canonical_architecture\statutory_rescue.py:130 | canonical_architecture\statutory_rescue.py:131 | canonical_architecture\statutory_rescue.py:143 | canonical_architecture\statutory_rules.py:126 | canonical_architecture\statutory_rules.py:127 | canonical_architecture\statutory_rules.py:130 | docs\LAWYER_LEGAL_REVIEW_PACK.md:24 | docs\LEGAL_AUDIT_SUMMARY.md:7 | docs\LEGAL_BASIS_MATRIX.md:17 | docs\RULE_IDENTITY_BUG_REPORT.md:82 | docs\RULE_IDENTITY_BUG_REPORT.md:85 | docs\audit\DEEP_AUDIT.md:20 | docs\audit\DEEP_AUDIT.md:816 | docs\audit\DEEP_AUDIT.md:85 | tests\unit\test_rule_engine.py:306 | tests\unit\test_rule_engine.py:309 | tests\unit\test_rule_engine.py:315 | tests\unit\test_rule_engine.py:360
AR-002	21	app\rule_engine\engine.py:1527 | app\rule_engine\engine.py:1608 | app\rule_engine\engine.py:718 | canonical_architecture\legal_reconciliation.py:75 | canonical_architecture\legal_reconciliation.py:76 | canonical_architecture\statutory_rescue.py:145 | canonical_architecture\statutory_rescue.py:147 | canonical_architecture\statutory_rescue.py:148 | canonical_architecture\statutory_rescue.py:160 | canonical_architecture\statutory_rules.py:141 | canonical_architecture\statutory_rules.py:142 | canonical_architecture\statutory_rules.py:145 | docs\LEGAL_BASIS_MATRIX.md:18 | docs\RULE_IDENTITY_BUG_REPORT.md:83 | docs\audit\DEEP_AUDIT.md:21 | docs\audit\DEEP_AUDIT.md:815 | docs\audit\DEEP_AUDIT.md:86 | tests\unit\test_rule_engine.py:1124 | tests\unit\test_rule_engine.py:318 | tests\unit\test_rule_engine.py:324 | tests\unit\test_rule_engine.py:360
AR-003	19	app\rule_engine\engine.py:1608 | app\rule_engine\engine.py:730 | canonical_architecture\legal_reconciliation.py:83 | canonical_architecture\legal_reconciliation.py:84 | canonical_architecture\statutory_rescue.py:162 | canonical_architecture\statutory_rescue.py:164 | canonical_architecture\statutory_rescue.py:165 | canonical_architecture\statutory_rescue.py:177 | canonical_architecture\statutory_rules.py:156 | canonical_architecture\statutory_rules.py:157 | canonical_architecture\statutory_rules.py:160 | docs\LEGAL_BASIS_MATRIX.md:19 | docs\RULE_IDENTITY_BUG_REPORT.md:84 | docs\audit\DEEP_AUDIT.md:22 | docs\audit\DEEP_AUDIT.md:814 | docs\audit\DEEP_AUDIT.md:87 | tests\unit\test_rule_engine.py:328 | tests\unit\test_rule_engine.py:334 | tests\unit\test_rule_engine.py:360
AR-004	22	app\models\filings.py:194 | app\models\filings.py:5 | app\rule_engine\engine.py:748 | canonical_architecture\legal_reconciliation.py:91 | canonical_architecture\legal_reconciliation.py:92 | canonical_architecture\statutory_rescue.py:179 | canonical_architecture\statutory_rescue.py:181 | canonical_architecture\statutory_rescue.py:182 | canonical_architecture\statutory_rescue.py:194 | canonical_architecture\statutory_rules.py:171 | canonical_architecture\statutory_rules.py:172 | canonical_architecture\statutory_rules.py:175 | docs\LEGAL_BASIS_MATRIX.md:20 | docs\RULE_IDENTITY_BUG_REPORT.md:85 | docs\audit\DEEP_AUDIT.md:23 | docs\audit\DEEP_AUDIT.md:813 | docs\audit\DEEP_AUDIT.md:88 | tests\unit\test_rule_engine.py:306 | tests\unit\test_rule_engine.py:337 | tests\unit\test_rule_engine.py:343 | tests\unit\test_rule_engine.py:351 | tests\unit\test_rule_engine.py:360
AUD-001	28	app\models\filings.py:141 | app\models\filings.py:5 | app\rule_engine\engine.py:1592 | app\rule_engine\engine.py:1593 | app\rule_engine\engine.py:540 | canonical_architecture\legal_reconciliation.py:100 | canonical_architecture\legal_reconciliation.py:99 | canonical_architecture\statutory_rescue.py:196 | canonical_architecture\statutory_rescue.py:198 | canonical_architecture\statutory_rescue.py:199 | canonical_architecture\statutory_rescue.py:211 | canonical_architecture\statutory_rules.py:186 | canonical_architecture\statutory_rules.py:187 | canonical_architecture\statutory_rules.py:190 | docs\LEGAL_BASIS_MATRIX.md:28 | docs\RULE_IDENTITY_BUG_REPORT.md:34 | docs\RULE_IDENTITY_BUG_REPORT.md:38 | docs\RULE_IDENTITY_BUG_REPORT.md:39 | docs\RULE_IDENTITY_BUG_REPORT.md:41 | docs\RULE_IDENTITY_BUG_REPORT.md:43 | docs\audit\DEEP_AUDIT.md:24 | docs\audit\DEEP_AUDIT.md:812 | docs\audit\DEEP_AUDIT.md:89 | tests\integration\test_e2e_flow.py:20 | tests\unit\test_rule_engine.py:232 | tests\unit\test_rule_engine.py:235 | tests\unit\test_rule_engine.py:240 | tests\unit\test_rule_engine.py:249
AUD-002	26	app\models\filings.py:133 | app\rule_engine\engine.py:1592 | app\rule_engine\engine.py:1593 | app\rule_engine\engine.py:569 | canonical_architecture\legal_reconciliation.py:107 | canonical_architecture\legal_reconciliation.py:108 | canonical_architecture\statutory_rescue.py:213 | canonical_architecture\statutory_rescue.py:215 | canonical_architecture\statutory_rescue.py:216 | canonical_architecture\statutory_rescue.py:228 | canonical_architecture\statutory_rules.py:201 | canonical_architecture\statutory_rules.py:202 | canonical_architecture\statutory_rules.py:205 | docs\LEGAL_BASIS_MATRIX.md:29 | docs\RULE_IDENTITY_BUG_REPORT.md:34 | docs\RULE_IDENTITY_BUG_REPORT.md:38 | docs\RULE_IDENTITY_BUG_REPORT.md:39 | docs\RULE_IDENTITY_BUG_REPORT.md:41 | docs\RULE_IDENTITY_BUG_REPORT.md:43 | docs\audit\DEEP_AUDIT.md:25 | docs\audit\DEEP_AUDIT.md:811 | docs\audit\DEEP_AUDIT.md:90 | tests\unit\test_rule_engine.py:232 | tests\unit\test_rule_engine.py:252 | tests\unit\test_rule_engine.py:258 | tests\unit\test_rule_engine.py:264
AUD-003	37	app\api\rules.py:212 | app\models\compliance.py:68 | app\models\filings.py:144 | app\models\filings.py:147 | app\models\filings.py:5 | app\models\rules.py:48 | app\models\rules.py:85 | app\rule_engine\engine.py:1592 | app\rule_engine\engine.py:1593 | app\rule_engine\engine.py:581 | app\services\filing_service.py:212 | canonical_architecture\legal_reconciliation.py:115 | canonical_architecture\legal_reconciliation.py:116 | canonical_architecture\statutory_rescue.py:230 | canonical_architecture\statutory_rescue.py:232 | canonical_architecture\statutory_rescue.py:233 | canonical_architecture\statutory_rescue.py:245 | canonical_architecture\statutory_rules.py:216 | canonical_architecture\statutory_rules.py:217 | canonical_architecture\statutory_rules.py:220 | docs\LEGAL_BASIS_MATRIX.md:30 | docs\audit\DEEP_AUDIT.md:26 | docs\audit\DEEP_AUDIT.md:810 | docs\audit\DEEP_AUDIT.md:91 | tests\integration\test_api.py:716 | tests\integration\test_api.py:755 | tests\integration\test_api.py:762 | tests\integration\test_e2e_flow.py:57 | tests\integration\test_services.py:605 | tests\unit\test_rule_engine.py:232 | tests\unit\test_rule_engine.py:268 | tests\unit\test_rule_engine.py:275 | tests\unit\test_rule_engine.py:279 | tests\unit\test_rule_engine.py:298 | tests\unit\test_rule_engine.py:716 | tests\unit\test_rule_engine.py:752 | tests\unit\test_rule_engine.py:795
AUD-004	21	app\rule_engine\engine.py:594 | canonical_architecture\legal_reconciliation.py:123 | canonical_architecture\legal_reconciliation.py:124 | canonical_architecture\statutory_rescue.py:247 | canonical_architecture\statutory_rescue.py:249 | canonical_architecture\statutory_rescue.py:250 | canonical_architecture\statutory_rescue.py:262 | canonical_architecture\statutory_rules.py:231 | canonical_architecture\statutory_rules.py:232 | canonical_architecture\statutory_rules.py:235 | docs\LEGAL_BASIS_MATRIX.md:31 | docs\RULE_IDENTITY_BUG_REPORT.md:22 | docs\RULE_IDENTITY_BUG_REPORT.md:26 | docs\RULE_IDENTITY_BUG_REPORT.md:30 | docs\RULE_IDENTITY_BUG_REPORT.md:32 | docs\audit\DEEP_AUDIT.md:27 | docs\audit\DEEP_AUDIT.md:809 | docs\audit\DEEP_AUDIT.md:92 | tests\unit\test_rule_engine.py:206 | tests\unit\test_rule_engine.py:208 | tests\unit\test_rule_engine.py:215
AUD-005	15	app\rule_engine\engine.py:554 | canonical_architecture\legal_reconciliation.py:131 | canonical_architecture\legal_reconciliation.py:132 | canonical_architecture\statutory_rescue.py:264 | canonical_architecture\statutory_rescue.py:266 | canonical_architecture\statutory_rescue.py:267 | canonical_architecture\statutory_rescue.py:279 | canonical_architecture\statutory_rules.py:246 | canonical_architecture\statutory_rules.py:247 | canonical_architecture\statutory_rules.py:250 | docs\LEGAL_BASIS_MATRIX.md:32 | docs\RULE_CORPUS_GAP.md:11 | docs\audit\DEEP_AUDIT.md:28 | docs\audit\DEEP_AUDIT.md:808 | docs\audit\DEEP_AUDIT.md:93
BNK-001	16	app\rule_engine\engine.py:1251 | canonical_architecture\legal_reconciliation.py:139 | canonical_architecture\legal_reconciliation.py:140 | canonical_architecture\statutory_rescue.py:281 | canonical_architecture\statutory_rescue.py:283 | canonical_architecture\statutory_rescue.py:284 | canonical_architecture\statutory_rescue.py:296 | canonical_architecture\statutory_rules.py:261 | canonical_architecture\statutory_rules.py:262 | canonical_architecture\statutory_rules.py:265 | docs\LEGAL_BASIS_MATRIX.md:45 | docs\RULE_CORPUS_GAP.md:11 | tests\unit\test_rule_engine.py:813 | tests\unit\test_rule_engine.py:816 | tests\unit\test_rule_engine.py:819 | tests\unit\test_rule_engine.py:838
BNK-002	14	app\rule_engine\engine.py:1264 | canonical_architecture\legal_reconciliation.py:147 | canonical_architecture\legal_reconciliation.py:148 | canonical_architecture\statutory_rescue.py:298 | canonical_architecture\statutory_rescue.py:300 | canonical_architecture\statutory_rescue.py:301 | canonical_architecture\statutory_rescue.py:313 | canonical_architecture\statutory_rules.py:276 | canonical_architecture\statutory_rules.py:277 | canonical_architecture\statutory_rules.py:280 | docs\RULE_CORPUS_GAP.md:11 | tests\unit\test_rule_engine.py:822 | tests\unit\test_rule_engine.py:825 | tests\unit\test_rule_engine.py:839
BNK-003	15	app\rule_engine\engine.py:1277 | canonical_architecture\legal_reconciliation.py:155 | canonical_architecture\legal_reconciliation.py:156 | canonical_architecture\statutory_rescue.py:315 | canonical_architecture\statutory_rescue.py:317 | canonical_architecture\statutory_rescue.py:318 | canonical_architecture\statutory_rescue.py:330 | canonical_architecture\statutory_rules.py:291 | canonical_architecture\statutory_rules.py:292 | canonical_architecture\statutory_rules.py:295 | docs\RULE_CORPUS_GAP.md:11 | tests\unit\test_rule_engine.py:813 | tests\unit\test_rule_engine.py:828 | tests\unit\test_rule_engine.py:831 | tests\unit\test_rule_engine.py:840
CAP-001	16	app\rule_engine\engine.py:1024 | canonical_architecture\legal_reconciliation.py:195 | canonical_architecture\legal_reconciliation.py:196 | canonical_architecture\statutory_rescue.py:400 | canonical_architecture\statutory_rescue.py:402 | canonical_architecture\statutory_rescue.py:403 | canonical_architecture\statutory_rescue.py:415 | canonical_architecture\statutory_rules.py:366 | canonical_architecture\statutory_rules.py:367 | canonical_architecture\statutory_rules.py:370 | docs\audit\DEEP_AUDIT.md:29 | docs\audit\DEEP_AUDIT.md:807 | docs\audit\DEEP_AUDIT.md:94 | tests\unit\test_rule_engine.py:635 | tests\unit\test_rule_engine.py:641 | tests\unit\test_rule_engine.py:649
CAP-002	17	app\models\rjsc_forms.py:77 | app\rule_engine\engine.py:1038 | canonical_architecture\legal_reconciliation.py:203 | canonical_architecture\legal_reconciliation.py:204 | canonical_architecture\statutory_rescue.py:417 | canonical_architecture\statutory_rescue.py:419 | canonical_architecture\statutory_rescue.py:420 | canonical_architecture\statutory_rescue.py:432 | canonical_architecture\statutory_rules.py:381 | canonical_architecture\statutory_rules.py:382 | canonical_architecture\statutory_rules.py:385 | docs\audit\DEEP_AUDIT.md:30 | docs\audit\DEEP_AUDIT.md:806 | docs\audit\DEEP_AUDIT.md:95 | tests\unit\test_rule_engine.py:652 | tests\unit\test_rule_engine.py:663 | tests\unit\test_rule_engine.py:676
CAP-003	15	app\api\rules.py:212 | app\rule_engine\engine.py:1062 | canonical_architecture\legal_reconciliation.py:211 | canonical_architecture\legal_reconciliation.py:212 | canonical_architecture\statutory_rescue.py:434 | canonical_architecture\statutory_rescue.py:436 | canonical_architecture\statutory_rescue.py:437 | canonical_architecture\statutory_rescue.py:449 | canonical_architecture\statutory_rules.py:396 | canonical_architecture\statutory_rules.py:397 | canonical_architecture\statutory_rules.py:400 | docs\audit\DEEP_AUDIT.md:31 | docs\audit\DEEP_AUDIT.md:805 | docs\audit\DEEP_AUDIT.md:96 | tests\unit\test_rule_engine.py:1017
CAP-004	13	app\rule_engine\engine.py:1076 | canonical_architecture\legal_reconciliation.py:219 | canonical_architecture\legal_reconciliation.py:220 | canonical_architecture\statutory_rescue.py:451 | canonical_architecture\statutory_rescue.py:453 | canonical_architecture\statutory_rescue.py:454 | canonical_architecture\statutory_rescue.py:466 | canonical_architecture\statutory_rules.py:411 | canonical_architecture\statutory_rules.py:412 | canonical_architecture\statutory_rules.py:415 | docs\audit\DEEP_AUDIT.md:32 | docs\audit\DEEP_AUDIT.md:804 | docs\audit\DEEP_AUDIT.md:97
CHG-001	16	app\models\rjsc_forms.py:83 | app\models\rjsc_forms.py:85 | app\rule_engine\engine.py:1050 | canonical_architecture\legal_reconciliation.py:227 | canonical_architecture\legal_reconciliation.py:228 | canonical_architecture\statutory_rescue.py:468 | canonical_architecture\statutory_rescue.py:470 | canonical_architecture\statutory_rescue.py:471 | canonical_architecture\statutory_rescue.py:483 | canonical_architecture\statutory_rules.py:426 | canonical_architecture\statutory_rules.py:427 | canonical_architecture\statutory_rules.py:430 | docs\RULE_CORPUS_GAP.md:13 | docs\audit\DEEP_AUDIT.md:33 | docs\audit\DEEP_AUDIT.md:803 | docs\audit\DEEP_AUDIT.md:98
DEF-001	20	app\api\rules.py:212 | app\rule_engine\engine.py:1409 | app\rule_engine\engine.py:1415 | canonical_architecture\legal_reconciliation.py:235 | canonical_architecture\legal_reconciliation.py:236 | canonical_architecture\statutory_rescue.py:485 | canonical_architecture\statutory_rescue.py:487 | canonical_architecture\statutory_rescue.py:488 | canonical_architecture\statutory_rescue.py:500 | canonical_architecture\statutory_rules.py:441 | canonical_architecture\statutory_rules.py:442 | canonical_architecture\statutory_rules.py:445 | docs\LEGAL_BASIS_MATRIX.md:41 | docs\RULE_CORPUS_GAP.md:13 | docs\audit\DEEP_AUDIT.md:34 | docs\audit\DEEP_AUDIT.md:802 | docs\audit\DEEP_AUDIT.md:99 | tests\unit\test_rule_engine.py:1020 | tests\unit\test_rule_engine.py:1024 | tests\unit\test_rule_engine.py:1046
DEF-002	15	app\rule_engine\engine.py:1191 | canonical_architecture\legal_reconciliation.py:243 | canonical_architecture\legal_reconciliation.py:244 | canonical_architecture\statutory_rescue.py:502 | canonical_architecture\statutory_rescue.py:504 | canonical_architecture\statutory_rescue.py:505 | canonical_architecture\statutory_rescue.py:517 | canonical_architecture\statutory_rules.py:456 | canonical_architecture\statutory_rules.py:457 | canonical_architecture\statutory_rules.py:460 | docs\LAWYER_LEGAL_REVIEW_PACK.md:27 | docs\RULE_CORPUS_GAP.md:13 | docs\audit\DEEP_AUDIT.md:100 | docs\audit\DEEP_AUDIT.md:35 | docs\audit\DEEP_AUDIT.md:801
DIR-001	22	app\models\rjsc_forms.py:80 | app\rule_engine\engine.py:768 | canonical_architecture\legal_reconciliation.py:251 | canonical_architecture\legal_reconciliation.py:252 | canonical_architecture\statutory_rescue.py:519 | canonical_architecture\statutory_rescue.py:521 | canonical_architecture\statutory_rescue.py:522 | canonical_architecture\statutory_rescue.py:534 | canonical_architecture\statutory_rules.py:471 | canonical_architecture\statutory_rules.py:472 | canonical_architecture\statutory_rules.py:475 | docs\LAWYER_LEGAL_REVIEW_PACK.md:25 | docs\LEGAL_BASIS_MATRIX.md:33 | docs\RULE_IDENTITY_BUG_REPORT.md:86 | docs\audit\DEEP_AUDIT.md:101 | docs\audit\DEEP_AUDIT.md:36 | docs\audit\DEEP_AUDIT.md:800 | tests\unit\test_rule_engine.py:369 | tests\unit\test_rule_engine.py:372 | tests\unit\test_rule_engine.py:376 | tests\unit\test_rule_engine.py:382 | tests\unit\test_rule_engine.py:415
DIR-002	17	app\rule_engine\engine.py:780 | canonical_architecture\legal_reconciliation.py:259 | canonical_architecture\legal_reconciliation.py:260 | canonical_architecture\statutory_rescue.py:536 | canonical_architecture\statutory_rescue.py:538 | canonical_architecture\statutory_rescue.py:539 | canonical_architecture\statutory_rescue.py:551 | canonical_architecture\statutory_rules.py:486 | canonical_architecture\statutory_rules.py:487 | canonical_architecture\statutory_rules.py:490 | docs\RULE_IDENTITY_BUG_REPORT.md:87 | docs\audit\DEEP_AUDIT.md:102 | docs\audit\DEEP_AUDIT.md:37 | docs\audit\DEEP_AUDIT.md:799 | tests\unit\test_rule_engine.py:385 | tests\unit\test_rule_engine.py:389 | tests\unit\test_rule_engine.py:415
DIR-003	18	app\rule_engine\engine.py:802 | canonical_architecture\legal_reconciliation.py:267 | canonical_architecture\legal_reconciliation.py:268 | canonical_architecture\statutory_rescue.py:553 | canonical_architecture\statutory_rescue.py:555 | canonical_architecture\statutory_rescue.py:556 | canonical_architecture\statutory_rescue.py:568 | canonical_architecture\statutory_rules.py:501 | canonical_architecture\statutory_rules.py:502 | canonical_architecture\statutory_rules.py:505 | docs\RULE_IDENTITY_BUG_REPORT.md:88 | docs\audit\DEEP_AUDIT.md:103 | docs\audit\DEEP_AUDIT.md:38 | docs\audit\DEEP_AUDIT.md:798 | tests\unit\test_rule_engine.py:392 | tests\unit\test_rule_engine.py:396 | tests\unit\test_rule_engine.py:402 | tests\unit\test_rule_engine.py:415
DIR-004	20	app\models\people.py:82 | app\rule_engine\engine.py:790 | app\services\people_service.py:135 | canonical_architecture\legal_reconciliation.py:275 | canonical_architecture\legal_reconciliation.py:276 | canonical_architecture\statutory_rescue.py:570 | canonical_architecture\statutory_rescue.py:572 | canonical_architecture\statutory_rescue.py:573 | canonical_architecture\statutory_rescue.py:585 | canonical_architecture\statutory_rules.py:516 | canonical_architecture\statutory_rules.py:517 | canonical_architecture\statutory_rules.py:520 | docs\RULE_IDENTITY_BUG_REPORT.md:89 | docs\audit\DEEP_AUDIT.md:104 | docs\audit\DEEP_AUDIT.md:39 | docs\audit\DEEP_AUDIT.md:797 | tests\unit\test_rule_engine.py:369 | tests\unit\test_rule_engine.py:405 | tests\unit\test_rule_engine.py:410 | tests\unit\test_rule_engine.py:415
DIR-005	14	app\rule_engine\engine.py:1335 | canonical_architecture\legal_reconciliation.py:283 | canonical_architecture\legal_reconciliation.py:284 | canonical_architecture\product_invariants.py:37 | canonical_architecture\statutory_rescue.py:587 | canonical_architecture\statutory_rescue.py:589 | canonical_architecture\statutory_rescue.py:590 | canonical_architecture\statutory_rescue.py:602 | canonical_architecture\statutory_rules.py:531 | canonical_architecture\statutory_rules.py:532 | canonical_architecture\statutory_rules.py:535 | docs\LEGAL_BASIS_MATRIX.md:34 | docs\RULE_CORPUS_GAP.md:13 | tests\unit\test_rule_engine.py:1055
DIR-006	14	app\rule_engine\engine.py:1342 | canonical_architecture\legal_reconciliation.py:291 | canonical_architecture\legal_reconciliation.py:292 | canonical_architecture\product_invariants.py:38 | canonical_architecture\statutory_rescue.py:604 | canonical_architecture\statutory_rescue.py:606 | canonical_architecture\statutory_rescue.py:607 | canonical_architecture\statutory_rescue.py:619 | canonical_architecture\statutory_rules.py:546 | canonical_architecture\statutory_rules.py:547 | canonical_architecture\statutory_rules.py:550 | docs\LEGAL_BASIS_MATRIX.md:35 | docs\RULE_CORPUS_GAP.md:13 | tests\unit\test_rule_engine.py:1058
ESC-001	22	app\rule_engine\engine.py:1428 | app\rule_engine\engine.py:1439 | app\rule_engine\engine.py:1440 | app\rule_engine\engine.py:1527 | app\rule_engine\engine.py:367 | canonical_architecture\legal_reconciliation.py:299 | canonical_architecture\legal_reconciliation.py:300 | canonical_architecture\statutory_rescue.py:621 | canonical_architecture\statutory_rescue.py:623 | canonical_architecture\statutory_rescue.py:624 | canonical_architecture\statutory_rescue.py:636 | canonical_architecture\statutory_rules.py:561 | canonical_architecture\statutory_rules.py:562 | canonical_architecture\statutory_rules.py:565 | docs\LEGAL_BASIS_MATRIX.md:40 | docs\RULE_IDENTITY_BUG_REPORT.md:90 | docs\audit\DEEP_AUDIT.md:105 | docs\audit\DEEP_AUDIT.md:40 | docs\audit\DEEP_AUDIT.md:796 | tests\unit\test_rule_engine.py:684 | tests\unit\test_rule_engine.py:687 | tests\unit\test_rule_engine.py:696
ESC-002	28	app\api\rules.py:212 | app\models\rules.py:85 | app\rule_engine\engine.py:1439 | app\rule_engine\engine.py:1442 | app\rule_engine\engine.py:1607 | app\rule_engine\engine.py:1608 | app\rule_engine\engine.py:367 | canonical_architecture\legal_reconciliation.py:307 | canonical_architecture\legal_reconciliation.py:308 | canonical_architecture\statutory_rescue.py:638 | canonical_architecture\statutory_rescue.py:640 | canonical_architecture\statutory_rescue.py:641 | canonical_architecture\statutory_rescue.py:653 | canonical_architecture\statutory_rules.py:576 | canonical_architecture\statutory_rules.py:577 | canonical_architecture\statutory_rules.py:580 | docs\RULE_IDENTITY_BUG_REPORT.md:91 | docs\audit\DEEP_AUDIT.md:106 | docs\audit\DEEP_AUDIT.md:41 | docs\audit\DEEP_AUDIT.md:795 | tests\integration\test_api.py:716 | tests\integration\test_e2e_flow.py:59 | tests\integration\test_services.py:605 | tests\unit\test_rule_engine.py:684 | tests\unit\test_rule_engine.py:700 | tests\unit\test_rule_engine.py:709 | tests\unit\test_rule_engine.py:714 | tests\unit\test_rule_engine.py:716
ESC-003	34	app\api\rules.py:212 | app\models\rules.py:85 | app\rule_engine\engine.py:1409 | app\rule_engine\engine.py:1458 | app\rule_engine\engine.py:367 | canonical_architecture\legal_reconciliation.py:315 | canonical_architecture\legal_reconciliation.py:316 | canonical_architecture\statutory_rescue.py:655 | canonical_architecture\statutory_rescue.py:657 | canonical_architecture\statutory_rescue.py:658 | canonical_architecture\statutory_rescue.py:670 | canonical_architecture\statutory_rules.py:591 | canonical_architecture\statutory_rules.py:592 | canonical_architecture\statutory_rules.py:595 | docs\audit\DEEP_AUDIT.md:1013 | docs\audit\DEEP_AUDIT.md:107 | docs\audit\DEEP_AUDIT.md:189 | docs\audit\DEEP_AUDIT.md:42 | docs\audit\DEEP_AUDIT.md:794 | tests\integration\test_api.py:716 | tests\integration\test_e2e_flow.py:21 | tests\integration\test_services.py:605 | tests\unit\test_rule_engine.py:684 | tests\unit\test_rule_engine.py:714 | tests\unit\test_rule_engine.py:716 | tests\unit\test_rule_engine.py:724 | tests\unit\test_rule_engine.py:726 | tests\unit\test_rule_engine.py:730 | tests\unit\test_rule_engine.py:732 | tests\unit\test_rule_engine.py:743 | tests\unit\test_rule_engine.py:746 | tests\unit\test_rule_engine.py:757 | tests\unit\test_rule_engine.py:758 | tests\unit\test_rule_engine.py:759
ESC-004	12	app\rule_engine\engine.py:1349 | canonical_architecture\legal_reconciliation.py:323 | canonical_architecture\legal_reconciliation.py:324 | canonical_architecture\statutory_rescue.py:672 | canonical_architecture\statutory_rescue.py:674 | canonical_architecture\statutory_rescue.py:675 | canonical_architecture\statutory_rescue.py:687 | canonical_architecture\statutory_rules.py:606 | canonical_architecture\statutory_rules.py:607 | canonical_architecture\statutory_rules.py:610 | docs\RULE_CORPUS_GAP.md:14 | tests\unit\test_rule_engine.py:1061
ESC-005	12	app\rule_engine\engine.py:1357 | canonical_architecture\legal_reconciliation.py:331 | canonical_architecture\legal_reconciliation.py:332 | canonical_architecture\statutory_rescue.py:689 | canonical_architecture\statutory_rescue.py:691 | canonical_architecture\statutory_rescue.py:692 | canonical_architecture\statutory_rescue.py:704 | canonical_architecture\statutory_rules.py:621 | canonical_architecture\statutory_rules.py:622 | canonical_architecture\statutory_rules.py:625 | docs\RULE_CORPUS_GAP.md:14 | tests\unit\test_rule_engine.py:1064
INC-001	16	app\models\rjsc_forms.py:73 | app\rule_engine\engine.py:425 | canonical_architecture\legal_reconciliation.py:347 | canonical_architecture\legal_reconciliation.py:348 | canonical_architecture\statutory_rescue.py:723 | canonical_architecture\statutory_rescue.py:725 | canonical_architecture\statutory_rescue.py:726 | canonical_architecture\statutory_rescue.py:738 | canonical_architecture\statutory_rules.py:651 | canonical_architecture\statutory_rules.py:652 | canonical_architecture\statutory_rules.py:655 | docs\LEGAL_BASIS_MATRIX.md:36 | docs\audit\DEEP_AUDIT.md:108 | docs\audit\DEEP_AUDIT.md:43 | docs\audit\DEEP_AUDIT.md:793 | tests\unit\test_rule_engine.py:990
INC-002	15	app\api\rules.py:212 | app\models\rjsc_forms.py:74 | app\rule_engine\engine.py:438 | canonical_architecture\legal_reconciliation.py:355 | canonical_architecture\legal_reconciliation.py:356 | canonical_architecture\statutory_rescue.py:740 | canonical_architecture\statutory_rescue.py:742 | canonical_architecture\statutory_rescue.py:743 | canonical_architecture\statutory_rescue.py:755 | canonical_architecture\statutory_rules.py:666 | canonical_architecture\statutory_rules.py:667 | canonical_architecture\statutory_rules.py:670 | docs\audit\DEEP_AUDIT.md:109 | docs\audit\DEEP_AUDIT.md:44 | docs\audit\DEEP_AUDIT.md:792
INC-003	17	app\api\rules.py:212 | app\rule_engine\engine.py:456 | canonical_architecture\legal_reconciliation.py:363 | canonical_architecture\legal_reconciliation.py:364 | canonical_architecture\statutory_rescue.py:757 | canonical_architecture\statutory_rescue.py:759 | canonical_architecture\statutory_rescue.py:760 | canonical_architecture\statutory_rescue.py:772 | canonical_architecture\statutory_rules.py:681 | canonical_architecture\statutory_rules.py:682 | canonical_architecture\statutory_rules.py:685 | docs\audit\DEEP_AUDIT.md:110 | docs\audit\DEEP_AUDIT.md:45 | docs\audit\DEEP_AUDIT.md:791 | tests\integration\test_e2e_flow.py:58 | tests\unit\test_rule_engine.py:753 | tests\unit\test_rule_engine.py:993
INC-004	15	app\api\rules.py:212 | app\rule_engine\engine.py:469 | canonical_architecture\legal_reconciliation.py:371 | canonical_architecture\legal_reconciliation.py:372 | canonical_architecture\statutory_rescue.py:774 | canonical_architecture\statutory_rescue.py:776 | canonical_architecture\statutory_rescue.py:777 | canonical_architecture\statutory_rescue.py:789 | canonical_architecture\statutory_rules.py:696 | canonical_architecture\statutory_rules.py:697 | canonical_architecture\statutory_rules.py:700 | docs\audit\DEEP_AUDIT.md:111 | docs\audit\DEEP_AUDIT.md:46 | docs\audit\DEEP_AUDIT.md:790 | tests\unit\test_rule_engine.py:996
INC-005	13	app\rule_engine\engine.py:482 | canonical_architecture\legal_reconciliation.py:379 | canonical_architecture\legal_reconciliation.py:380 | canonical_architecture\statutory_rescue.py:791 | canonical_architecture\statutory_rescue.py:793 | canonical_architecture\statutory_rescue.py:794 | canonical_architecture\statutory_rescue.py:806 | canonical_architecture\statutory_rules.py:711 | canonical_architecture\statutory_rules.py:712 | canonical_architecture\statutory_rules.py:715 | docs\audit\DEEP_AUDIT.md:112 | docs\audit\DEEP_AUDIT.md:47 | docs\audit\DEEP_AUDIT.md:789
INC-006	13	app\rule_engine\engine.py:494 | canonical_architecture\legal_reconciliation.py:387 | canonical_architecture\legal_reconciliation.py:388 | canonical_architecture\statutory_rescue.py:808 | canonical_architecture\statutory_rescue.py:810 | canonical_architecture\statutory_rescue.py:811 | canonical_architecture\statutory_rescue.py:823 | canonical_architecture\statutory_rules.py:726 | canonical_architecture\statutory_rules.py:727 | canonical_architecture\statutory_rules.py:730 | docs\audit\DEEP_AUDIT.md:113 | docs\audit\DEEP_AUDIT.md:48 | docs\audit\DEEP_AUDIT.md:788
LBR-001	16	app\rule_engine\engine.py:1292 | canonical_architecture\legal_reconciliation.py:395 | canonical_architecture\legal_reconciliation.py:396 | canonical_architecture\statutory_rescue.py:825 | canonical_architecture\statutory_rescue.py:827 | canonical_architecture\statutory_rescue.py:828 | canonical_architecture\statutory_rescue.py:840 | canonical_architecture\statutory_rules.py:741 | canonical_architecture\statutory_rules.py:742 | canonical_architecture\statutory_rules.py:745 | docs\LEGAL_BASIS_MATRIX.md:46 | docs\RULE_CORPUS_GAP.md:14 | tests\unit\test_rule_engine.py:844 | tests\unit\test_rule_engine.py:847 | tests\unit\test_rule_engine.py:850 | tests\unit\test_rule_engine.py:872
LBR-002	14	app\rule_engine\engine.py:1304 | canonical_architecture\legal_reconciliation.py:403 | canonical_architecture\legal_reconciliation.py:404 | canonical_architecture\statutory_rescue.py:842 | canonical_architecture\statutory_rescue.py:844 | canonical_architecture\statutory_rescue.py:845 | canonical_architecture\statutory_rescue.py:857 | canonical_architecture\statutory_rules.py:756 | canonical_architecture\statutory_rules.py:757 | canonical_architecture\statutory_rules.py:760 | docs\RULE_CORPUS_GAP.md:14 | tests\unit\test_rule_engine.py:853 | tests\unit\test_rule_engine.py:859 | tests\unit\test_rule_engine.py:873
LBR-003	15	app\rule_engine\engine.py:1315 | canonical_architecture\legal_reconciliation.py:411 | canonical_architecture\legal_reconciliation.py:412 | canonical_architecture\statutory_rescue.py:859 | canonical_architecture\statutory_rescue.py:861 | canonical_architecture\statutory_rescue.py:862 | canonical_architecture\statutory_rescue.py:874 | canonical_architecture\statutory_rules.py:771 | canonical_architecture\statutory_rules.py:772 | canonical_architecture\statutory_rules.py:775 | docs\RULE_CORPUS_GAP.md:14 | tests\unit\test_rule_engine.py:844 | tests\unit\test_rule_engine.py:862 | tests\unit\test_rule_engine.py:865 | tests\unit\test_rule_engine.py:874
OFF-001	28	app\models\infrastructure.py:198 | app\models\infrastructure.py:215 | app\models\rjsc_forms.py:76 | app\models\rjsc_forms.py:78 | app\rule_engine\engine.py:1008 | canonical_architecture\legal_reconciliation.py:419 | canonical_architecture\legal_reconciliation.py:420 | canonical_architecture\statutory_rescue.py:876 | canonical_architecture\statutory_rescue.py:878 | canonical_architecture\statutory_rescue.py:879 | canonical_architecture\statutory_rescue.py:891 | canonical_architecture\statutory_rules.py:786 | canonical_architecture\statutory_rules.py:787 | canonical_architecture\statutory_rules.py:790 | docs\LEGAL_BASIS_MATRIX.md:37 | docs\RULE_IDENTITY_BUG_REPORT.md:92 | docs\audit\DEEP_AUDIT.md:114 | docs\audit\DEEP_AUDIT.md:49 | docs\audit\DEEP_AUDIT.md:787 | tests\integration\test_services.py:616 | tests\integration\test_services.py:617 | tests\integration\test_services.py:620 | tests\integration\test_services.py:627 | tests\integration\test_services.py:629 | tests\unit\test_rule_engine.py:606 | tests\unit\test_rule_engine.py:612 | tests\unit\test_rule_engine.py:620 | tests\unit\test_rule_engine.py:625
REG-001	18	app\models\infrastructure.py:159 | app\rule_engine\engine.py:965 | canonical_architecture\legal_reconciliation.py:427 | canonical_architecture\legal_reconciliation.py:428 | canonical_architecture\statutory_rescue.py:893 | canonical_architecture\statutory_rescue.py:895 | canonical_architecture\statutory_rescue.py:896 | canonical_architecture\statutory_rescue.py:908 | canonical_architecture\statutory_rules.py:801 | canonical_architecture\statutory_rules.py:802 | canonical_architecture\statutory_rules.py:805 | docs\LEGAL_BASIS_MATRIX.md:38 | docs\audit\DEEP_AUDIT.md:115 | docs\audit\DEEP_AUDIT.md:50 | docs\audit\DEEP_AUDIT.md:786 | tests\unit\test_rule_engine.py:547 | tests\unit\test_rule_engine.py:552 | tests\unit\test_rule_engine.py:559
REG-002	29	app\rule_engine\engine.py:978 | app\services\people_service.py:173 | canonical_architecture\legal_reconciliation.py:435 | canonical_architecture\legal_reconciliation.py:436 | canonical_architecture\statutory_rescue.py:910 | canonical_architecture\statutory_rescue.py:912 | canonical_architecture\statutory_rescue.py:913 | canonical_architecture\statutory_rescue.py:925 | canonical_architecture\statutory_rules.py:816 | canonical_architecture\statutory_rules.py:817 | canonical_architecture\statutory_rules.py:820 | docs\RULE_IDENTITY_BUG_REPORT.md:45 | docs\RULE_IDENTITY_BUG_REPORT.md:49 | docs\RULE_IDENTITY_BUG_REPORT.md:52 | docs\RULE_IDENTITY_BUG_REPORT.md:54 | docs\RULE_IDENTITY_BUG_REPORT.md:56 | docs\RULE_IDENTITY_BUG_REPORT.md:60 | docs\RULE_IDENTITY_BUG_REPORT.md:61 | docs\RULE_IDENTITY_BUG_REPORT.md:63 | docs\RULE_IDENTITY_BUG_REPORT.md:65 | docs\audit\DEEP_AUDIT.md:116 | docs\audit\DEEP_AUDIT.md:51 | docs\audit\DEEP_AUDIT.md:785 | tests\unit\test_rule_engine.py:562 | tests\unit\test_rule_engine.py:564 | tests\unit\test_rule_engine.py:567 | tests\unit\test_rule_engine.py:570 | tests\unit\test_rule_engine.py:582 | tests\unit\test_rule_engine.py:596
REG-003	14	app\rule_engine\engine.py:990 | canonical_architecture\legal_reconciliation.py:443 | canonical_architecture\legal_reconciliation.py:444 | canonical_architecture\statutory_rescue.py:927 | canonical_architecture\statutory_rescue.py:929 | canonical_architecture\statutory_rescue.py:930 | canonical_architecture\statutory_rescue.py:942 | canonical_architecture\statutory_rules.py:831 | canonical_architecture\statutory_rules.py:832 | canonical_architecture\statutory_rules.py:835 | docs\audit\DEEP_AUDIT.md:117 | docs\audit\DEEP_AUDIT.md:52 | docs\audit\DEEP_AUDIT.md:784 | tests\unit\test_rule_engine.py:1013
REG-004	9	docs\RULE_IDENTITY_BUG_REPORT.md:45 | docs\RULE_IDENTITY_BUG_REPORT.md:49 | docs\RULE_IDENTITY_BUG_REPORT.md:52 | docs\RULE_IDENTITY_BUG_REPORT.md:54 | docs\RULE_IDENTITY_BUG_REPORT.md:61 | docs\audit\DEEP_AUDIT.md:258 | docs\audit\DEEP_AUDIT.md:735 | tests\unit\test_rule_engine.py:563 | tests\unit\test_rule_engine.py:578
SH-001	18	app\models\rjsc_forms.py:81 | app\rule_engine\engine.py:820 | canonical_architecture\legal_reconciliation.py:451 | canonical_architecture\legal_reconciliation.py:452 | canonical_architecture\statutory_rescue.py:944 | canonical_architecture\statutory_rescue.py:946 | canonical_architecture\statutory_rescue.py:947 | canonical_architecture\statutory_rescue.py:959 | canonical_architecture\statutory_rules.py:846 | canonical_architecture\statutory_rules.py:847 | canonical_architecture\statutory_rules.py:850 | docs\audit\DEEP_AUDIT.md:118 | docs\audit\DEEP_AUDIT.md:53 | docs\audit\DEEP_AUDIT.md:783 | tests\unit\test_rule_engine.py:426 | tests\unit\test_rule_engine.py:432 | tests\unit\test_rule_engine.py:440 | tests\unit\test_rule_engine.py:445
SH-002	20	app\rule_engine\engine.py:834 | canonical_architecture\legal_reconciliation.py:459 | canonical_architecture\legal_reconciliation.py:460 | canonical_architecture\statutory_rescue.py:961 | canonical_architecture\statutory_rescue.py:963 | canonical_architecture\statutory_rescue.py:964 | canonical_architecture\statutory_rescue.py:976 | canonical_architecture\statutory_rules.py:861 | canonical_architecture\statutory_rules.py:862 | canonical_architecture\statutory_rules.py:865 | docs\RULE_IDENTITY_BUG_REPORT.md:56 | docs\RULE_IDENTITY_BUG_REPORT.md:60 | docs\RULE_IDENTITY_BUG_REPORT.md:63 | docs\audit\DEEP_AUDIT.md:119 | docs\audit\DEEP_AUDIT.md:54 | docs\audit\DEEP_AUDIT.md:782 | tests\unit\test_rule_engine.py:1000 | tests\unit\test_rule_engine.py:581 | tests\unit\test_rule_engine.py:583 | tests\unit\test_rule_engine.py:590
SH-003	15	app\models\rjsc_forms.py:75 | app\rule_engine\engine.py:848 | canonical_architecture\legal_reconciliation.py:467 | canonical_architecture\legal_reconciliation.py:468 | canonical_architecture\statutory_rescue.py:978 | canonical_architecture\statutory_rescue.py:980 | canonical_architecture\statutory_rescue.py:981 | canonical_architecture\statutory_rescue.py:993 | canonical_architecture\statutory_rules.py:876 | canonical_architecture\statutory_rules.py:877 | canonical_architecture\statutory_rules.py:880 | docs\audit\DEEP_AUDIT.md:120 | docs\audit\DEEP_AUDIT.md:55 | docs\audit\DEEP_AUDIT.md:781 | tests\unit\test_rule_engine.py:1004
STR-001	15	app\rule_engine\engine.py:1210 | canonical_architecture\legal_reconciliation.py:475 | canonical_architecture\legal_reconciliation.py:476 | canonical_architecture\statutory_rescue.py:1010 | canonical_architecture\statutory_rescue.py:995 | canonical_architecture\statutory_rescue.py:997 | canonical_architecture\statutory_rescue.py:998 | canonical_architecture\statutory_rules.py:891 | canonical_architecture\statutory_rules.py:892 | canonical_architecture\statutory_rules.py:895 | docs\LEGAL_BASIS_MATRIX.md:48 | docs\RULE_CORPUS_GAP.md:15 | docs\audit\DEEP_AUDIT.md:121 | docs\audit\DEEP_AUDIT.md:56 | docs\audit\DEEP_AUDIT.md:780
STR-002	14	app\rule_engine\engine.py:1223 | canonical_architecture\legal_reconciliation.py:483 | canonical_architecture\legal_reconciliation.py:484 | canonical_architecture\statutory_rescue.py:1012 | canonical_architecture\statutory_rescue.py:1014 | canonical_architecture\statutory_rescue.py:1015 | canonical_architecture\statutory_rescue.py:1027 | canonical_architecture\statutory_rules.py:906 | canonical_architecture\statutory_rules.py:907 | canonical_architecture\statutory_rules.py:910 | docs\RULE_CORPUS_GAP.md:15 | docs\audit\DEEP_AUDIT.md:122 | docs\audit\DEEP_AUDIT.md:57 | docs\audit\DEEP_AUDIT.md:779
STR-003	14	app\rule_engine\engine.py:1236 | canonical_architecture\legal_reconciliation.py:491 | canonical_architecture\legal_reconciliation.py:492 | canonical_architecture\statutory_rescue.py:1029 | canonical_architecture\statutory_rescue.py:1031 | canonical_architecture\statutory_rescue.py:1032 | canonical_architecture\statutory_rescue.py:1044 | canonical_architecture\statutory_rules.py:921 | canonical_architecture\statutory_rules.py:922 | canonical_architecture\statutory_rules.py:925 | docs\RULE_CORPUS_GAP.md:15 | docs\audit\DEEP_AUDIT.md:123 | docs\audit\DEEP_AUDIT.md:58 | docs\audit\DEEP_AUDIT.md:778
TAX-001	15	app\rule_engine\engine.py:1092 | canonical_architecture\legal_reconciliation.py:499 | canonical_architecture\legal_reconciliation.py:500 | canonical_architecture\statutory_rescue.py:1046 | canonical_architecture\statutory_rescue.py:1048 | canonical_architecture\statutory_rescue.py:1049 | canonical_architecture\statutory_rescue.py:1061 | canonical_architecture\statutory_rules.py:936 | canonical_architecture\statutory_rules.py:937 | canonical_architecture\statutory_rules.py:940 | docs\LEGAL_BASIS_MATRIX.md:43 | docs\audit\DEEP_AUDIT.md:124 | docs\audit\DEEP_AUDIT.md:59 | docs\audit\DEEP_AUDIT.md:777 | tests\unit\test_rule_engine.py:1007
TAX-002	14	app\rule_engine\engine.py:1103 | canonical_architecture\legal_reconciliation.py:507 | canonical_architecture\legal_reconciliation.py:508 | canonical_architecture\statutory_rescue.py:1063 | canonical_architecture\statutory_rescue.py:1065 | canonical_architecture\statutory_rescue.py:1066 | canonical_architecture\statutory_rescue.py:1078 | canonical_architecture\statutory_rules.py:951 | canonical_architecture\statutory_rules.py:952 | canonical_architecture\statutory_rules.py:955 | docs\audit\DEEP_AUDIT.md:125 | docs\audit\DEEP_AUDIT.md:60 | docs\audit\DEEP_AUDIT.md:776 | tests\unit\test_rule_engine.py:1010
TAX-003	15	app\rule_engine\engine.py:1131 | canonical_architecture\legal_reconciliation.py:515 | canonical_architecture\legal_reconciliation.py:516 | canonical_architecture\statutory_rescue.py:1080 | canonical_architecture\statutory_rescue.py:1082 | canonical_architecture\statutory_rescue.py:1083 | canonical_architecture\statutory_rescue.py:1095 | canonical_architecture\statutory_rules.py:966 | canonical_architecture\statutory_rules.py:967 | canonical_architecture\statutory_rules.py:970 | docs\RULE_CORPUS_GAP.md:15 | docs\audit\DEEP_AUDIT.md:126 | docs\audit\DEEP_AUDIT.md:61 | docs\audit\DEEP_AUDIT.md:775 | tests\unit\test_rule_engine.py:1113
TAX-004	17	app\rule_engine\engine.py:1151 | app\rule_engine\engine.py:1595 | app\rule_engine\engine.py:1596 | app\rule_engine\engine.py:1602 | canonical_architecture\legal_reconciliation.py:523 | canonical_architecture\legal_reconciliation.py:524 | canonical_architecture\statutory_rescue.py:1097 | canonical_architecture\statutory_rescue.py:1099 | canonical_architecture\statutory_rescue.py:1100 | canonical_architecture\statutory_rescue.py:1112 | canonical_architecture\statutory_rules.py:981 | canonical_architecture\statutory_rules.py:982 | canonical_architecture\statutory_rules.py:985 | docs\RULE_CORPUS_GAP.md:15 | docs\audit\DEEP_AUDIT.md:127 | docs\audit\DEEP_AUDIT.md:62 | docs\audit\DEEP_AUDIT.md:774
TL-001	18	app\rule_engine\engine.py:507 | canonical_architecture\legal_reconciliation.py:531 | canonical_architecture\legal_reconciliation.py:532 | canonical_architecture\statutory_rescue.py:1114 | canonical_architecture\statutory_rescue.py:1116 | canonical_architecture\statutory_rescue.py:1117 | canonical_architecture\statutory_rescue.py:1129 | canonical_architecture\statutory_rules.py:1000 | canonical_architecture\statutory_rules.py:996 | canonical_architecture\statutory_rules.py:997 | docs\LEGAL_BASIS_MATRIX.md:42 | docs\RULE_CORPUS_GAP.md:16 | docs\audit\DEEP_AUDIT.md:128 | docs\audit\DEEP_AUDIT.md:266 | docs\audit\DEEP_AUDIT.md:63 | docs\audit\DEEP_AUDIT.md:737 | docs\audit\DEEP_AUDIT.md:773 | tests\unit\test_rule_engine.py:1049
TL-002	17	app\rule_engine\engine.py:521 | canonical_architecture\legal_reconciliation.py:539 | canonical_architecture\legal_reconciliation.py:540 | canonical_architecture\statutory_rescue.py:1131 | canonical_architecture\statutory_rescue.py:1133 | canonical_architecture\statutory_rescue.py:1134 | canonical_architecture\statutory_rescue.py:1146 | canonical_architecture\statutory_rules.py:1011 | canonical_architecture\statutory_rules.py:1012 | canonical_architecture\statutory_rules.py:1015 | docs\RULE_CORPUS_GAP.md:16 | docs\audit\DEEP_AUDIT.md:129 | docs\audit\DEEP_AUDIT.md:266 | docs\audit\DEEP_AUDIT.md:64 | docs\audit\DEEP_AUDIT.md:737 | docs\audit\DEEP_AUDIT.md:772 | tests\unit\test_rule_engine.py:1118
TR-001	26	app\models\people.py:178 | app\models\rjsc_forms.py:82 | app\models\rjsc_forms.py:84 | app\rule_engine\engine.py:1605 | app\rule_engine\engine.py:870 | app\services\people_service.py:254 | app\services\people_service.py:258 | app\services\people_service.py:307 | canonical_architecture\legal_reconciliation.py:547 | canonical_architecture\legal_reconciliation.py:548 | canonical_architecture\statutory_rescue.py:1148 | canonical_architecture\statutory_rescue.py:1150 | canonical_architecture\statutory_rescue.py:1151 | canonical_architecture\statutory_rescue.py:1163 | canonical_architecture\statutory_rules.py:1026 | canonical_architecture\statutory_rules.py:1027 | canonical_architecture\statutory_rules.py:1030 | docs\RULE_IDENTITY_BUG_REPORT.md:93 | docs\audit\DEEP_AUDIT.md:130 | docs\audit\DEEP_AUDIT.md:65 | docs\audit\DEEP_AUDIT.md:771 | tests\unit\test_rule_engine.py:453 | tests\unit\test_rule_engine.py:456 | tests\unit\test_rule_engine.py:460 | tests\unit\test_rule_engine.py:530 | tests\unit\test_rule_engine.py:536
TR-002	20	app\models\people.py:180 | app\rule_engine\engine.py:1605 | app\rule_engine\engine.py:882 | app\services\people_service.py:260 | canonical_architecture\legal_reconciliation.py:555 | canonical_architecture\legal_reconciliation.py:556 | canonical_architecture\statutory_rescue.py:1165 | canonical_architecture\statutory_rescue.py:1167 | canonical_architecture\statutory_rescue.py:1168 | canonical_architecture\statutory_rescue.py:1180 | canonical_architecture\statutory_rules.py:1041 | canonical_architecture\statutory_rules.py:1042 | canonical_architecture\statutory_rules.py:1045 | docs\audit\DEEP_AUDIT.md:131 | docs\audit\DEEP_AUDIT.md:66 | docs\audit\DEEP_AUDIT.md:770 | tests\unit\test_rule_engine.py:463 | tests\unit\test_rule_engine.py:467 | tests\unit\test_rule_engine.py:530 | tests\unit\test_rule_engine.py:536
TR-003	20	app\models\people.py:185 | app\rule_engine\engine.py:1605 | app\rule_engine\engine.py:894 | app\services\people_service.py:262 | canonical_architecture\legal_reconciliation.py:563 | canonical_architecture\legal_reconciliation.py:564 | canonical_architecture\statutory_rescue.py:1182 | canonical_architecture\statutory_rescue.py:1184 | canonical_architecture\statutory_rescue.py:1185 | canonical_architecture\statutory_rescue.py:1197 | canonical_architecture\statutory_rules.py:1056 | canonical_architecture\statutory_rules.py:1057 | canonical_architecture\statutory_rules.py:1060 | docs\audit\DEEP_AUDIT.md:132 | docs\audit\DEEP_AUDIT.md:67 | docs\audit\DEEP_AUDIT.md:769 | tests\unit\test_rule_engine.py:470 | tests\unit\test_rule_engine.py:474 | tests\unit\test_rule_engine.py:530 | tests\unit\test_rule_engine.py:536
TR-004	21	app\models\people.py:188 | app\rule_engine\engine.py:1605 | app\rule_engine\engine.py:906 | app\services\people_service.py:264 | canonical_architecture\legal_reconciliation.py:571 | canonical_architecture\legal_reconciliation.py:572 | canonical_architecture\statutory_rescue.py:1199 | canonical_architecture\statutory_rescue.py:1201 | canonical_architecture\statutory_rescue.py:1202 | canonical_architecture\statutory_rescue.py:1214 | canonical_architecture\statutory_rules.py:1071 | canonical_architecture\statutory_rules.py:1072 | canonical_architecture\statutory_rules.py:1075 | docs\RULE_IDENTITY_BUG_REPORT.md:94 | docs\audit\DEEP_AUDIT.md:133 | docs\audit\DEEP_AUDIT.md:68 | docs\audit\DEEP_AUDIT.md:768 | tests\unit\test_rule_engine.py:477 | tests\unit\test_rule_engine.py:481 | tests\unit\test_rule_engine.py:530 | tests\unit\test_rule_engine.py:536
TR-005	32	app\api\rules.py:212 | app\models\compliance.py:68 | app\models\people.py:191 | app\models\people.py:194 | app\models\rules.py:48 | app\models\rules.py:85 | app\rule_engine\engine.py:1604 | app\rule_engine\engine.py:1605 | app\rule_engine\engine.py:918 | app\rule_engine\engine.py:932 | app\services\people_service.py:266 | canonical_architecture\legal_reconciliation.py:579 | canonical_architecture\legal_reconciliation.py:580 | canonical_architecture\statutory_rescue.py:1216 | canonical_architecture\statutory_rescue.py:1218 | canonical_architecture\statutory_rescue.py:1219 | canonical_architecture\statutory_rescue.py:1231 | canonical_architecture\statutory_rules.py:1086 | canonical_architecture\statutory_rules.py:1087 | canonical_architecture\statutory_rules.py:1090 | docs\audit\DEEP_AUDIT.md:134 | docs\audit\DEEP_AUDIT.md:69 | docs\audit\DEEP_AUDIT.md:767 | tests\integration\test_api.py:716 | tests\integration\test_services.py:605 | tests\unit\test_rule_engine.py:453 | tests\unit\test_rule_engine.py:485 | tests\unit\test_rule_engine.py:495 | tests\unit\test_rule_engine.py:499 | tests\unit\test_rule_engine.py:530 | tests\unit\test_rule_engine.py:536 | tests\unit\test_rule_engine.py:716
TR-006	23	app\rule_engine\engine.py:1604 | app\rule_engine\engine.py:932 | app\rule_engine\engine.py:935 | app\rule_engine\engine.py:938 | app\services\people_service.py:254 | app\services\people_service.py:307 | canonical_architecture\legal_reconciliation.py:587 | canonical_architecture\legal_reconciliation.py:588 | canonical_architecture\statutory_rescue.py:1233 | canonical_architecture\statutory_rescue.py:1235 | canonical_architecture\statutory_rescue.py:1236 | canonical_architecture\statutory_rescue.py:1248 | canonical_architecture\statutory_rules.py:1101 | canonical_architecture\statutory_rules.py:1102 | canonical_architecture\statutory_rules.py:1105 | docs\audit\DEEP_AUDIT.md:135 | docs\audit\DEEP_AUDIT.md:70 | docs\audit\DEEP_AUDIT.md:766 | tests\unit\test_rule_engine.py:453 | tests\unit\test_rule_engine.py:510 | tests\unit\test_rule_engine.py:518 | tests\unit\test_rule_engine.py:530 | tests\unit\test_rule_engine.py:536
VAT-001	1	docs\audit\DEEP_AUDIT.md:982
VAT-002	15	app\rule_engine\engine.py:1167 | canonical_architecture\legal_reconciliation.py:595 | canonical_architecture\legal_reconciliation.py:596 | canonical_architecture\statutory_rescue.py:1250 | canonical_architecture\statutory_rescue.py:1252 | canonical_architecture\statutory_rescue.py:1253 | canonical_architecture\statutory_rescue.py:1265 | canonical_architecture\statutory_rules.py:1116 | canonical_architecture\statutory_rules.py:1117 | canonical_architecture\statutory_rules.py:1120 | docs\LEGAL_BASIS_MATRIX.md:43 | docs\RULE_CORPUS_GAP.md:16 | docs\audit\DEEP_AUDIT.md:136 | docs\audit\DEEP_AUDIT.md:71 | docs\audit\DEEP_AUDIT.md:765
VAT-003	15	app\rule_engine\engine.py:1178 | canonical_architecture\legal_reconciliation.py:603 | canonical_architecture\legal_reconciliation.py:604 | canonical_architecture\statutory_rescue.py:1267 | canonical_architecture\statutory_rescue.py:1269 | canonical_architecture\statutory_rescue.py:1270 | canonical_architecture\statutory_rescue.py:1282 | canonical_architecture\statutory_rules.py:1131 | canonical_architecture\statutory_rules.py:1132 | canonical_architecture\statutory_rules.py:1135 | docs\LAWYER_LEGAL_REVIEW_PACK.md:26 | docs\RULE_CORPUS_GAP.md:16 | docs\audit\DEEP_AUDIT.md:137 | docs\audit\DEEP_AUDIT.md:72 | docs\audit\DEEP_AUDIT.md:764
