Rule ID,Legal Domain,Candidate Law,Candidate Provision,Status,Legal Team Sign-Off
AGM-001,Corporate,"Section 81, Companies Act 1994 (Bangladesh)",TBD,RECONCILE,PENDING
AGM-002,Corporate,"Section 81, Companies Act 1994 (Bangladesh)",TBD,RECONCILE,PENDING
AGM-003,Corporate,"Section 85, Companies Act 1994 (Bangladesh)",TBD,RECONCILE,PENDING
AGM-004,Corporate,"Section 85, Companies Act 1994 (Bangladesh)",TBD,RECONCILE,PENDING
AGM-005,Corporate,"Section 83(12), Companies Act 1994 (Bangladesh)",TBD,RECONCILE,PENDING
AGM-006,Corporate,"Section 83, Companies Act 1994 (Bangladesh)",TBD,RECONCILE,PENDING
AGM-007,Corporate,"Section 84, Companies Act 1994 (Bangladesh)",TBD,RECONCILE,PENDING
AR-001,Corporate,"Section 36, Companies Act 1994 (Bangladesh) – Schedule X",TBD,RECONCILE,PENDING
AR-002,Corporate,"Sections 36 and 304, Companies Act 1994 (Bangladesh)",TBD,RECONCILE,PENDING
AR-003,Corporate,"Sections 36 and 304, Companies Act 1994 (Bangladesh)",TBD,RECONCILE,PENDING
AR-004,Corporate,"Section 36, Companies Act 1994 (Bangladesh) – Schedule X",TBD,RECONCILE,PENDING
AUD-001,Corporate,"Section 210(1), Companies Act 1994 (Bangladesh)",TBD,RECONCILE,PENDING
AUD-002,Corporate,"Section 151, Companies Act 1994 (Bangladesh)",TBD,RECONCILE,PENDING
AUD-003,Corporate,"Sections 151, 210, Companies Act 1994 (Bangladesh)",TBD,RECONCILE,PENDING
AUD-004,Corporate,"Section 210(2), Companies Act 1994 (Bangladesh)",TBD,RECONCILE,PENDING
AUD-005,Corporate,"Section 210(2), Companies Act 1994 (Bangladesh)",TBD,RECONCILE,PENDING
BNK-001,Corporate,"Bankruptcy Act 1997 (Bangladesh), Section 12",TBD,RECONCILE,PENDING
BNK-002,Corporate,"Bankruptcy Act 1997 (Bangladesh), Section 14",TBD,RECONCILE,PENDING
BNK-003,Corporate,"Bankruptcy Act 1997 (Bangladesh), Section 18",TBD,RECONCILE,PENDING
BSEC-001,Corporate,"BSEC Corporate Governance Code 2023, Para 8",TBD,RECONCILE,PENDING
BSEC-002,Corporate,"BSEC Corporate Governance Code 2023, Para 9",TBD,RECONCILE,PENDING
BSEC-003,Corporate,"BSEC Corporate Governance Code 2023, Para 5",TBD,RECONCILE,PENDING
BSEC-004,Corporate,"BSEC Corporate Governance Code 2023, Para 6",TBD,RECONCILE,PENDING
CAP-001,Corporate,"Section 54, Companies Act 1994 (Bangladesh)",TBD,RECONCILE,PENDING
CAP-002,Corporate,"Section 87, Companies Act 1994 (Bangladesh)",TBD,RECONCILE,PENDING
CAP-003,Corporate,"Section 87(2), Companies Act 1994 (Bangladesh)",TBD,RECONCILE,PENDING
CAP-004,Corporate,"Section 87, Companies Act 1994 (Bangladesh)",TBD,RECONCILE,PENDING
CHG-001,Corporate,"Section 87, Companies Act 1994 (Bangladesh)",TBD,RECONCILE,PENDING
DEF-001,Corporate,"Section 297, Companies Act 1994 (Bangladesh)",TBD,RECONCILE,PENDING
DEF-002,Corporate,"Section 447, Companies Act 1994 (Bangladesh)",TBD,RECONCILE,PENDING
DIR-001,Corporate,"Section 92, Companies Act 1994 (Bangladesh)",TBD,RECONCILE,PENDING
DIR-002,Corporate,"Section 92, Companies Act 1994 (Bangladesh)",TBD,RECONCILE,PENDING
DIR-003,Corporate,"Section 92, Companies Act 1994 (Bangladesh)",TBD,RECONCILE,PENDING
DIR-004,Corporate,"Section 92, Companies Act 1994 (Bangladesh)",TBD,RECONCILE,PENDING
DIR-005,Corporate,"Section 97, Companies Act 1994 (Bangladesh)",TBD,RECONCILE,PENDING
DIR-006,Corporate,"Section 98, Companies Act 1994 (Bangladesh)",TBD,RECONCILE,PENDING
ESC-001,Corporate,"Section 304, Companies Act 1994 (Bangladesh)",TBD,RECONCILE,PENDING
ESC-002,Corporate,"Section 304, Companies Act 1994 (Bangladesh)",TBD,RECONCILE,PENDING
ESC-003,Corporate,"Section 304, Companies Act 1994 (Bangladesh)",TBD,RECONCILE,PENDING
ESC-004,Corporate,"Section 196, Companies Act 1994 (Bangladesh)",TBD,RECONCILE,PENDING
ESC-005,Corporate,"Section 199, Companies Act 1994 (Bangladesh)",TBD,RECONCILE,PENDING
FX-001,Corporate,Foreign Exchange Regulation Act 1947 (Bangladesh),TBD,RECONCILE,PENDING
INC-001,Corporate,"Section 9, Companies Act 1994 (Bangladesh)",TBD,RECONCILE,PENDING
INC-002,Corporate,"Section 11, Companies Act 1994 (Bangladesh)",TBD,RECONCILE,PENDING
INC-003,Corporate,"Section 90(2), Companies Act 1994 (Bangladesh)",TBD,RECONCILE,PENDING
INC-004,Corporate,"Section 150, Companies Act 1994 (Bangladesh)",TBD,RECONCILE,PENDING
INC-005,Corporate,"Section 150, Companies Act 1994; BIDA Foreign Investment Guidelines",TBD,RECONCILE,PENDING
INC-006,Corporate,BIDA Foreign Investment Act 1980; BOI Guidelines,TBD,RECONCILE,PENDING
LBR-001,Labour,"Labour Act 2006 (Bangladesh), Section 35",TBD,RECONCILE,PENDING
LBR-002,Labour,"Labour Act 2006 (Bangladesh), Section 35",TBD,RECONCILE,PENDING
LBR-003,Labour,"Labour Act 2006 (Bangladesh), Section 209",TBD,RECONCILE,PENDING
OFF-001,Corporate,"Section 81, Companies Act 1994 (Bangladesh)",TBD,RECONCILE,PENDING
REG-001,Corporate,"Sections 34, 83, 87, 90, Companies Act 1994 (Bangladesh)",TBD,RECONCILE,PENDING
REG-002,Corporate,"Sections 34, 83, 87, 90, Companies Act 1994 (Bangladesh)",TBD,RECONCILE,PENDING
REG-003,Corporate,"Section 34(2), Companies Act 1994 (Bangladesh)",TBD,RECONCILE,PENDING
SH-001,Corporate,"Section 50, Companies Act 1994 (Bangladesh)",TBD,RECONCILE,PENDING
SH-002,Corporate,"Section 46, Companies Act 1994 (Bangladesh)",TBD,RECONCILE,PENDING
SH-003,Corporate,"Section 52, Companies Act 1994 (Bangladesh)",TBD,RECONCILE,PENDING
STR-001,Corporate,"Section 20, Companies Act 1994 (Bangladesh)",TBD,RECONCILE,PENDING
STR-002,Corporate,"Section 17, Companies Act 1994 (Bangladesh)",TBD,RECONCILE,PENDING
STR-003,Corporate,"Section 18, Companies Act 1994 (Bangladesh)",TBD,RECONCILE,PENDING
TAX-001,Tax,Income Tax Act 2023 (Bangladesh),TBD,RECONCILE,PENDING
TAX-002,Tax,Value Added Tax Act 2012 (Bangladesh),TBD,RECONCILE,PENDING
TAX-003,Tax,"Income Tax Act 2023, Section 75",TBD,RECONCILE,PENDING
TAX-004,Tax,"Income Tax Act 2023, Section 74",TBD,RECONCILE,PENDING
TL-001,Corporate,City Corporation Ordinance 1983 / Pourashava Act 2009,TBD,RECONCILE,PENDING
TL-002,Corporate,City Corporation Ordinance 1983 / Pourashava Act 2009,TBD,RECONCILE,PENDING
TR-001,Corporate,"Section 108, Companies Act 1994 (Bangladesh)",TBD,RECONCILE,PENDING
TR-002,Corporate,"Stamp Act 1899 (Bangladesh), Schedule I, Item 62",TBD,RECONCILE,PENDING
TR-003,Corporate,"Section 47, Companies Act 1994 (Bangladesh); Articles of Association",TBD,RECONCILE,PENDING
TR-004,Corporate,"Section 34, Companies Act 1994 (Bangladesh)",TBD,RECONCILE,PENDING
TR-005,Corporate,"Section 47, Companies Act 1994 (Bangladesh); Articles of Association",TBD,RECONCILE,PENDING
TR-006,Corporate,"Sections 34, 47, 108, Companies Act 1994 (Bangladesh)",TBD,RECONCILE,PENDING
VAT-002,Tax,Value Added Tax Act 2012 (Bangladesh),TBD,RECONCILE,PENDING
VAT-003,Tax,Value Added Tax Act 2012 (Bangladesh),TBD,RECONCILE,PENDING
